timestamp_jst,release_tag,asset_name,download_count_total,delta_since_prev
2026-01-03T07:49:36+09:00,latest,sf6_dashboard_bundle_latest.zip,1,0
2026-01-03T07:49:36+09:00,latest,sf6_dashboard_bundle_v0.4.10.1.zip,0,0
2026-01-03T07:49:36+09:00,latest,sf6_dashboard_bundle_v0.4.10.zip,0,0
2026-01-03T07:49:36+09:00,latest,sf6_dashboard_bundle_v0.4.3.zip,0,0
2026-01-03T07:49:36+09:00,latest,sf6_dashboard_bundle_v0.4.4.zip,0,0
2026-01-03T07:49:36+09:00,latest,sf6_dashboard_bundle_v0.4.5.zip,0,0
2026-01-03T07:49:36+09:00,latest,sf6_dashboard_bundle_v0.4.6.zip,0,0
2026-01-03T07:49:36+09:00,latest,sf6_dashboard_bundle_v0.4.7.zip,0,0
2026-01-03T07:49:36+09:00,latest,sf6_dashboard_bundle_v0.4.8.zip,0,0
2026-01-03T07:49:36+09:00,latest,sf6_dashboard_bundle_v0.4.9.zip,0,0
2026-01-03T07:49:36+09:00,latest,sf6_dashboard_bundle_v0.5.1.1.zip,0,0
2026-01-03T07:49:36+09:00,latest,sf6_dashboard_bundle_v0.5.1.zip,0,0
2026-01-03T07:49:36+09:00,latest,sf6_dashboard_bundle_v0.6.1.zip,0,0
2026-01-03T07:49:36+09:00,latest,sf6_dashboard_bundle_v0.6.2.zip,0,0
2026-01-03T07:49:36+09:00,latest,sf6_dashboard_bundle_v0.6.3.zip,1,0
2026-01-03T07:49:36+09:00,latest,sf6_dashboard_bundle_v0.6.4.zip,0,0
2026-01-03T07:49:36+09:00,latest,sf6_dashboard_bundle_v0.6.5.zip,0,0
2026-01-03T07:49:36+09:00,latest,sf6_dashboard_bundle_v0.6.6.zip,0,0
2026-01-03T07:49:36+09:00,latest,sf6_dashboard_bundle_v0.6.7.zip,0,0
2026-01-03T07:49:36+09:00,latest,sf6_dashboard_bundle_v0.6.8.zip,0,0
2026-01-03T07:49:36+09:00,latest,sf6_dashboard_bundle_v0.6.9.zip,0,0
2026-01-03T07:49:36+09:00,latest,sf6_dashboard_bundle_v0.7.1.zip,2,0
2026-01-03T07:49:36+09:00,latest,sf6_dashboard_bundle_v0.8.3.zip,0,0
2026-01-03T07:49:36+09:00,latest,sf6_dashboard_bundle_v0.8.4.zip,1,0
2026-01-03T07:49:55+09:00,latest,sf6_dashboard_bundle_latest.zip,1,0
2026-01-03T07:49:55+09:00,latest,sf6_dashboard_bundle_v0.4.10.1.zip,0,0
2026-01-03T07:49:55+09:00,latest,sf6_dashboard_bundle_v0.4.10.zip,0,0
2026-01-03T07:49:55+09:00,latest,sf6_dashboard_bundle_v0.4.3.zip,0,0
2026-01-03T07:49:55+09:00,latest,sf6_dashboard_bundle_v0.4.4.zip,0,0
2026-01-03T07:49:55+09:00,latest,sf6_dashboard_bundle_v0.4.5.zip,0,0
2026-01-03T07:49:55+09:00,latest,sf6_dashboard_bundle_v0.4.6.zip,0,0
2026-01-03T07:49:55+09:00,latest,sf6_dashboard_bundle_v0.4.7.zip,0,0
2026-01-03T07:49:55+09:00,latest,sf6_dashboard_bundle_v0.4.8.zip,0,0
2026-01-03T07:49:55+09:00,latest,sf6_dashboard_bundle_v0.4.9.zip,0,0
2026-01-03T07:49:55+09:00,latest,sf6_dashboard_bundle_v0.5.1.1.zip,0,0
2026-01-03T07:49:55+09:00,latest,sf6_dashboard_bundle_v0.5.1.zip,0,0
2026-01-03T07:49:55+09:00,latest,sf6_dashboard_bundle_v0.6.1.zip,0,0
2026-01-03T07:49:55+09:00,latest,sf6_dashboard_bundle_v0.6.2.zip,0,0
2026-01-03T07:49:55+09:00,latest,sf6_dashboard_bundle_v0.6.3.zip,1,0
2026-01-03T07:49:55+09:00,latest,sf6_dashboard_bundle_v0.6.4.zip,0,0
2026-01-03T07:49:55+09:00,latest,sf6_dashboard_bundle_v0.6.5.zip,0,0
2026-01-03T07:49:55+09:00,latest,sf6_dashboard_bundle_v0.6.6.zip,0,0
2026-01-03T07:49:55+09:00,latest,sf6_dashboard_bundle_v0.6.7.zip,0,0
2026-01-03T07:49:55+09:00,latest,sf6_dashboard_bundle_v0.6.8.zip,0,0
2026-01-03T07:49:55+09:00,latest,sf6_dashboard_bundle_v0.6.9.zip,0,0
2026-01-03T07:49:55+09:00,latest,sf6_dashboard_bundle_v0.7.1.zip,2,0
2026-01-03T07:49:55+09:00,latest,sf6_dashboard_bundle_v0.8.3.zip,0,0
2026-01-03T07:49:55+09:00,latest,sf6_dashboard_bundle_v0.8.4.zip,1,0
2026-01-03T07:54:20+09:00,latest,sf6_dashboard_bundle_latest.zip,1,0
2026-01-03T07:54:20+09:00,latest,sf6_dashboard_bundle_v0.4.10.1.zip,0,0
2026-01-03T07:54:20+09:00,latest,sf6_dashboard_bundle_v0.4.10.zip,0,0
2026-01-03T07:54:20+09:00,latest,sf6_dashboard_bundle_v0.4.3.zip,0,0
2026-01-03T07:54:20+09:00,latest,sf6_dashboard_bundle_v0.4.4.zip,0,0
2026-01-03T07:54:20+09:00,latest,sf6_dashboard_bundle_v0.4.5.zip,0,0
2026-01-03T07:54:20+09:00,latest,sf6_dashboard_bundle_v0.4.6.zip,0,0
2026-01-03T07:54:20+09:00,latest,sf6_dashboard_bundle_v0.4.7.zip,0,0
2026-01-03T07:54:20+09:00,latest,sf6_dashboard_bundle_v0.4.8.zip,0,0
2026-01-03T07:54:20+09:00,latest,sf6_dashboard_bundle_v0.4.9.zip,0,0
2026-01-03T07:54:20+09:00,latest,sf6_dashboard_bundle_v0.5.1.1.zip,0,0
2026-01-03T07:54:20+09:00,latest,sf6_dashboard_bundle_v0.5.1.zip,0,0
2026-01-03T07:54:20+09:00,latest,sf6_dashboard_bundle_v0.6.1.zip,0,0
2026-01-03T07:54:20+09:00,latest,sf6_dashboard_bundle_v0.6.2.zip,0,0
2026-01-03T07:54:20+09:00,latest,sf6_dashboard_bundle_v0.6.3.zip,1,0
2026-01-03T07:54:20+09:00,latest,sf6_dashboard_bundle_v0.6.4.zip,0,0
2026-01-03T07:54:20+09:00,latest,sf6_dashboard_bundle_v0.6.5.zip,0,0
2026-01-03T07:54:20+09:00,latest,sf6_dashboard_bundle_v0.6.6.zip,0,0
2026-01-03T07:54:20+09:00,latest,sf6_dashboard_bundle_v0.6.7.zip,0,0
2026-01-03T07:54:20+09:00,latest,sf6_dashboard_bundle_v0.6.8.zip,0,0
2026-01-03T07:54:20+09:00,latest,sf6_dashboard_bundle_v0.6.9.zip,0,0
2026-01-03T07:54:20+09:00,latest,sf6_dashboard_bundle_v0.7.1.zip,2,0
2026-01-03T07:54:20+09:00,latest,sf6_dashboard_bundle_v0.8.3.zip,0,0
2026-01-03T07:54:20+09:00,latest,sf6_dashboard_bundle_v0.8.4.zip,1,0
2026-01-03T08:09:01+09:00,latest,sf6_dashboard_bundle_latest.zip,1,0
2026-01-03T08:09:01+09:00,latest,sf6_dashboard_bundle_v0.4.10.1.zip,0,0
2026-01-03T08:09:01+09:00,latest,sf6_dashboard_bundle_v0.4.10.zip,0,0
2026-01-03T08:09:01+09:00,latest,sf6_dashboard_bundle_v0.4.3.zip,0,0
2026-01-03T08:09:01+09:00,latest,sf6_dashboard_bundle_v0.4.4.zip,0,0
2026-01-03T08:09:01+09:00,latest,sf6_dashboard_bundle_v0.4.5.zip,0,0
2026-01-03T08:09:01+09:00,latest,sf6_dashboard_bundle_v0.4.6.zip,0,0
2026-01-03T08:09:01+09:00,latest,sf6_dashboard_bundle_v0.4.7.zip,0,0
2026-01-03T08:09:01+09:00,latest,sf6_dashboard_bundle_v0.4.8.zip,0,0
2026-01-03T08:09:01+09:00,latest,sf6_dashboard_bundle_v0.4.9.zip,0,0
2026-01-03T08:09:01+09:00,latest,sf6_dashboard_bundle_v0.5.1.1.zip,0,0
2026-01-03T08:09:01+09:00,latest,sf6_dashboard_bundle_v0.5.1.zip,0,0
2026-01-03T08:09:01+09:00,latest,sf6_dashboard_bundle_v0.6.1.zip,0,0
2026-01-03T08:09:01+09:00,latest,sf6_dashboard_bundle_v0.6.2.zip,0,0
2026-01-03T08:09:01+09:00,latest,sf6_dashboard_bundle_v0.6.3.zip,1,0
2026-01-03T08:09:01+09:00,latest,sf6_dashboard_bundle_v0.6.4.zip,0,0
2026-01-03T08:09:01+09:00,latest,sf6_dashboard_bundle_v0.6.5.zip,0,0
2026-01-03T08:09:01+09:00,latest,sf6_dashboard_bundle_v0.6.6.zip,0,0
2026-01-03T08:09:01+09:00,latest,sf6_dashboard_bundle_v0.6.7.zip,0,0
2026-01-03T08:09:01+09:00,latest,sf6_dashboard_bundle_v0.6.8.zip,0,0
2026-01-03T08:09:01+09:00,latest,sf6_dashboard_bundle_v0.6.9.zip,0,0
2026-01-03T08:09:01+09:00,latest,sf6_dashboard_bundle_v0.7.1.zip,2,0
2026-01-03T08:09:01+09:00,latest,sf6_dashboard_bundle_v0.8.3.zip,0,0
2026-01-03T08:09:01+09:00,latest,sf6_dashboard_bundle_v0.8.4.zip,1,0
2026-01-03T08:28:45+09:00,latest,sf6_dashboard_bundle_latest.zip,1,0
2026-01-03T08:28:45+09:00,latest,sf6_dashboard_bundle_v0.4.10.1.zip,0,0
2026-01-03T08:28:45+09:00,latest,sf6_dashboard_bundle_v0.4.10.zip,0,0
2026-01-03T08:28:45+09:00,latest,sf6_dashboard_bundle_v0.4.3.zip,0,0
2026-01-03T08:28:45+09:00,latest,sf6_dashboard_bundle_v0.4.4.zip,0,0
2026-01-03T08:28:45+09:00,latest,sf6_dashboard_bundle_v0.4.5.zip,0,0
2026-01-03T08:28:45+09:00,latest,sf6_dashboard_bundle_v0.4.6.zip,0,0
2026-01-03T08:28:45+09:00,latest,sf6_dashboard_bundle_v0.4.7.zip,0,0
2026-01-03T08:28:45+09:00,latest,sf6_dashboard_bundle_v0.4.8.zip,0,0
2026-01-03T08:28:45+09:00,latest,sf6_dashboard_bundle_v0.4.9.zip,0,0
2026-01-03T08:28:45+09:00,latest,sf6_dashboard_bundle_v0.5.1.1.zip,0,0
2026-01-03T08:28:45+09:00,latest,sf6_dashboard_bundle_v0.5.1.zip,0,0
2026-01-03T08:28:45+09:00,latest,sf6_dashboard_bundle_v0.6.1.zip,0,0
2026-01-03T08:28:45+09:00,latest,sf6_dashboard_bundle_v0.6.2.zip,0,0
2026-01-03T08:28:45+09:00,latest,sf6_dashboard_bundle_v0.6.3.zip,1,0
2026-01-03T08:28:45+09:00,latest,sf6_dashboard_bundle_v0.6.4.zip,0,0
2026-01-03T08:28:45+09:00,latest,sf6_dashboard_bundle_v0.6.5.zip,0,0
2026-01-03T08:28:45+09:00,latest,sf6_dashboard_bundle_v0.6.6.zip,0,0
2026-01-03T08:28:45+09:00,latest,sf6_dashboard_bundle_v0.6.7.zip,0,0
2026-01-03T08:28:45+09:00,latest,sf6_dashboard_bundle_v0.6.8.zip,0,0
2026-01-03T08:28:45+09:00,latest,sf6_dashboard_bundle_v0.6.9.zip,0,0
2026-01-03T08:28:45+09:00,latest,sf6_dashboard_bundle_v0.7.1.zip,2,0
2026-01-03T08:28:45+09:00,latest,sf6_dashboard_bundle_v0.8.3.zip,0,0
2026-01-03T08:28:45+09:00,latest,sf6_dashboard_bundle_v0.8.4.zip,1,0
2026-01-03T08:39:49+09:00,latest,sf6_dashboard_bundle_latest.zip,1,0
2026-01-03T08:39:49+09:00,latest,sf6_dashboard_bundle_v0.4.10.1.zip,0,0
2026-01-03T08:39:49+09:00,latest,sf6_dashboard_bundle_v0.4.10.zip,0,0
2026-01-03T08:39:49+09:00,latest,sf6_dashboard_bundle_v0.4.3.zip,0,0
2026-01-03T08:39:49+09:00,latest,sf6_dashboard_bundle_v0.4.4.zip,0,0
2026-01-03T08:39:49+09:00,latest,sf6_dashboard_bundle_v0.4.5.zip,0,0
2026-01-03T08:39:49+09:00,latest,sf6_dashboard_bundle_v0.4.6.zip,0,0
2026-01-03T08:39:49+09:00,latest,sf6_dashboard_bundle_v0.4.7.zip,0,0
2026-01-03T08:39:49+09:00,latest,sf6_dashboard_bundle_v0.4.8.zip,0,0
2026-01-03T08:39:49+09:00,latest,sf6_dashboard_bundle_v0.4.9.zip,0,0
2026-01-03T08:39:49+09:00,latest,sf6_dashboard_bundle_v0.5.1.1.zip,0,0
2026-01-03T08:39:49+09:00,latest,sf6_dashboard_bundle_v0.5.1.zip,0,0
2026-01-03T08:39:49+09:00,latest,sf6_dashboard_bundle_v0.6.1.zip,0,0
2026-01-03T08:39:49+09:00,latest,sf6_dashboard_bundle_v0.6.2.zip,0,0
2026-01-03T08:39:49+09:00,latest,sf6_dashboard_bundle_v0.6.3.zip,1,0
2026-01-03T08:39:49+09:00,latest,sf6_dashboard_bundle_v0.6.4.zip,0,0
2026-01-03T08:39:49+09:00,latest,sf6_dashboard_bundle_v0.6.5.zip,0,0
2026-01-03T08:39:49+09:00,latest,sf6_dashboard_bundle_v0.6.6.zip,0,0
2026-01-03T08:39:49+09:00,latest,sf6_dashboard_bundle_v0.6.7.zip,0,0
2026-01-03T08:39:49+09:00,latest,sf6_dashboard_bundle_v0.6.8.zip,0,0
2026-01-03T08:39:49+09:00,latest,sf6_dashboard_bundle_v0.6.9.zip,0,0
2026-01-03T08:39:49+09:00,latest,sf6_dashboard_bundle_v0.7.1.zip,2,0
2026-01-03T08:39:49+09:00,latest,sf6_dashboard_bundle_v0.8.3.zip,0,0
2026-01-03T08:39:49+09:00,latest,sf6_dashboard_bundle_v0.8.4.zip,1,0
2026-01-03T08:47:27+09:00,latest,sf6_dashboard_bundle_latest.zip,1,0
2026-01-03T08:47:27+09:00,latest,sf6_dashboard_bundle_v0.4.10.1.zip,0,0
2026-01-03T08:47:27+09:00,latest,sf6_dashboard_bundle_v0.4.10.zip,0,0
2026-01-03T08:47:27+09:00,latest,sf6_dashboard_bundle_v0.4.3.zip,0,0
2026-01-03T08:47:27+09:00,latest,sf6_dashboard_bundle_v0.4.4.zip,0,0
2026-01-03T08:47:27+09:00,latest,sf6_dashboard_bundle_v0.4.5.zip,0,0
2026-01-03T08:47:27+09:00,latest,sf6_dashboard_bundle_v0.4.6.zip,0,0
2026-01-03T08:47:27+09:00,latest,sf6_dashboard_bundle_v0.4.7.zip,0,0
2026-01-03T08:47:27+09:00,latest,sf6_dashboard_bundle_v0.4.8.zip,0,0
2026-01-03T08:47:27+09:00,latest,sf6_dashboard_bundle_v0.4.9.zip,0,0
2026-01-03T08:47:27+09:00,latest,sf6_dashboard_bundle_v0.5.1.1.zip,0,0
2026-01-03T08:47:27+09:00,latest,sf6_dashboard_bundle_v0.5.1.zip,0,0
2026-01-03T08:47:27+09:00,latest,sf6_dashboard_bundle_v0.6.1.zip,0,0
2026-01-03T08:47:27+09:00,latest,sf6_dashboard_bundle_v0.6.2.zip,0,0
2026-01-03T08:47:27+09:00,latest,sf6_dashboard_bundle_v0.6.3.zip,1,0
2026-01-03T08:47:27+09:00,latest,sf6_dashboard_bundle_v0.6.4.zip,0,0
2026-01-03T08:47:27+09:00,latest,sf6_dashboard_bundle_v0.6.5.zip,0,0
2026-01-03T08:47:27+09:00,latest,sf6_dashboard_bundle_v0.6.6.zip,0,0
2026-01-03T08:47:27+09:00,latest,sf6_dashboard_bundle_v0.6.7.zip,0,0
2026-01-03T08:47:27+09:00,latest,sf6_dashboard_bundle_v0.6.8.zip,0,0
2026-01-03T08:47:27+09:00,latest,sf6_dashboard_bundle_v0.6.9.zip,0,0
2026-01-03T08:47:27+09:00,latest,sf6_dashboard_bundle_v0.7.1.zip,2,0
2026-01-03T08:47:27+09:00,latest,sf6_dashboard_bundle_v0.8.3.zip,0,0
2026-01-03T08:47:27+09:00,latest,sf6_dashboard_bundle_v0.8.4.zip,1,0
2026-01-03T08:53:56+09:00,latest,sf6_dashboard_bundle_latest.zip,1,0
2026-01-03T08:53:56+09:00,latest,sf6_dashboard_bundle_v0.4.10.1.zip,0,0
2026-01-03T08:53:56+09:00,latest,sf6_dashboard_bundle_v0.4.10.zip,0,0
2026-01-03T08:53:56+09:00,latest,sf6_dashboard_bundle_v0.4.3.zip,0,0
2026-01-03T08:53:56+09:00,latest,sf6_dashboard_bundle_v0.4.4.zip,0,0
2026-01-03T08:53:56+09:00,latest,sf6_dashboard_bundle_v0.4.5.zip,0,0
2026-01-03T08:53:56+09:00,latest,sf6_dashboard_bundle_v0.4.6.zip,0,0
2026-01-03T08:53:56+09:00,latest,sf6_dashboard_bundle_v0.4.7.zip,0,0
2026-01-03T08:53:56+09:00,latest,sf6_dashboard_bundle_v0.4.8.zip,0,0
2026-01-03T08:53:56+09:00,latest,sf6_dashboard_bundle_v0.4.9.zip,0,0
2026-01-03T08:53:56+09:00,latest,sf6_dashboard_bundle_v0.5.1.1.zip,0,0
2026-01-03T08:53:56+09:00,latest,sf6_dashboard_bundle_v0.5.1.zip,0,0
2026-01-03T08:53:56+09:00,latest,sf6_dashboard_bundle_v0.6.1.zip,0,0
2026-01-03T08:53:56+09:00,latest,sf6_dashboard_bundle_v0.6.2.zip,0,0
2026-01-03T08:53:56+09:00,latest,sf6_dashboard_bundle_v0.6.3.zip,1,0
2026-01-03T08:53:56+09:00,latest,sf6_dashboard_bundle_v0.6.4.zip,0,0
2026-01-03T08:53:56+09:00,latest,sf6_dashboard_bundle_v0.6.5.zip,0,0
2026-01-03T08:53:56+09:00,latest,sf6_dashboard_bundle_v0.6.6.zip,0,0
2026-01-03T08:53:56+09:00,latest,sf6_dashboard_bundle_v0.6.7.zip,0,0
2026-01-03T08:53:56+09:00,latest,sf6_dashboard_bundle_v0.6.8.zip,0,0
2026-01-03T08:53:56+09:00,latest,sf6_dashboard_bundle_v0.6.9.zip,0,0
2026-01-03T08:53:56+09:00,latest,sf6_dashboard_bundle_v0.7.1.zip,2,0
2026-01-03T08:53:56+09:00,latest,sf6_dashboard_bundle_v0.8.3.zip,0,0
2026-01-03T08:53:56+09:00,latest,sf6_dashboard_bundle_v0.8.4.zip,1,0
2026-01-03T09:00:25+09:00,latest,sf6_dashboard_bundle_latest.zip,1,0
2026-01-03T09:00:25+09:00,latest,sf6_dashboard_bundle_v0.4.10.1.zip,0,0
2026-01-03T09:00:25+09:00,latest,sf6_dashboard_bundle_v0.4.10.zip,0,0
2026-01-03T09:00:25+09:00,latest,sf6_dashboard_bundle_v0.4.3.zip,0,0
2026-01-03T09:00:25+09:00,latest,sf6_dashboard_bundle_v0.4.4.zip,0,0
2026-01-03T09:00:25+09:00,latest,sf6_dashboard_bundle_v0.4.5.zip,0,0
2026-01-03T09:00:25+09:00,latest,sf6_dashboard_bundle_v0.4.6.zip,0,0
2026-01-03T09:00:25+09:00,latest,sf6_dashboard_bundle_v0.4.7.zip,0,0
2026-01-03T09:00:25+09:00,latest,sf6_dashboard_bundle_v0.4.8.zip,0,0
2026-01-03T09:00:25+09:00,latest,sf6_dashboard_bundle_v0.4.9.zip,0,0
2026-01-03T09:00:25+09:00,latest,sf6_dashboard_bundle_v0.5.1.1.zip,0,0
2026-01-03T09:00:25+09:00,latest,sf6_dashboard_bundle_v0.5.1.zip,0,0
2026-01-03T09:00:25+09:00,latest,sf6_dashboard_bundle_v0.6.1.zip,0,0
2026-01-03T09:00:25+09:00,latest,sf6_dashboard_bundle_v0.6.2.zip,0,0
2026-01-03T09:00:25+09:00,latest,sf6_dashboard_bundle_v0.6.3.zip,1,0
2026-01-03T09:00:25+09:00,latest,sf6_dashboard_bundle_v0.6.4.zip,0,0
2026-01-03T09:00:25+09:00,latest,sf6_dashboard_bundle_v0.6.5.zip,0,0
2026-01-03T09:00:25+09:00,latest,sf6_dashboard_bundle_v0.6.6.zip,0,0
2026-01-03T09:00:25+09:00,latest,sf6_dashboard_bundle_v0.6.7.zip,0,0
2026-01-03T09:00:25+09:00,latest,sf6_dashboard_bundle_v0.6.8.zip,0,0
2026-01-03T09:00:25+09:00,latest,sf6_dashboard_bundle_v0.6.9.zip,0,0
2026-01-03T09:00:25+09:00,latest,sf6_dashboard_bundle_v0.7.1.zip,2,0
2026-01-03T09:00:25+09:00,latest,sf6_dashboard_bundle_v0.8.3.zip,0,0
2026-01-03T09:00:25+09:00,latest,sf6_dashboard_bundle_v0.8.4.zip,1,0
2026-01-03T10:55:05+09:00,latest,sf6_dashboard_bundle_latest.zip,1,0
2026-01-03T10:55:05+09:00,latest,sf6_dashboard_bundle_v0.4.10.1.zip,0,0
2026-01-03T10:55:05+09:00,latest,sf6_dashboard_bundle_v0.4.10.zip,0,0
2026-01-03T10:55:05+09:00,latest,sf6_dashboard_bundle_v0.4.3.zip,0,0
2026-01-03T10:55:05+09:00,latest,sf6_dashboard_bundle_v0.4.4.zip,0,0
2026-01-03T10:55:05+09:00,latest,sf6_dashboard_bundle_v0.4.5.zip,0,0
2026-01-03T10:55:05+09:00,latest,sf6_dashboard_bundle_v0.4.6.zip,0,0
2026-01-03T10:55:05+09:00,latest,sf6_dashboard_bundle_v0.4.7.zip,0,0
2026-01-03T10:55:05+09:00,latest,sf6_dashboard_bundle_v0.4.8.zip,0,0
2026-01-03T10:55:05+09:00,latest,sf6_dashboard_bundle_v0.4.9.zip,0,0
2026-01-03T10:55:05+09:00,latest,sf6_dashboard_bundle_v0.5.1.1.zip,0,0
2026-01-03T10:55:05+09:00,latest,sf6_dashboard_bundle_v0.5.1.zip,0,0
2026-01-03T10:55:05+09:00,latest,sf6_dashboard_bundle_v0.6.1.zip,0,0
2026-01-03T10:55:05+09:00,latest,sf6_dashboard_bundle_v0.6.2.zip,0,0
2026-01-03T10:55:05+09:00,latest,sf6_dashboard_bundle_v0.6.3.zip,1,0
2026-01-03T10:55:05+09:00,latest,sf6_dashboard_bundle_v0.6.4.zip,0,0
2026-01-03T10:55:05+09:00,latest,sf6_dashboard_bundle_v0.6.5.zip,0,0
2026-01-03T10:55:05+09:00,latest,sf6_dashboard_bundle_v0.6.6.zip,0,0
2026-01-03T10:55:05+09:00,latest,sf6_dashboard_bundle_v0.6.7.zip,0,0
2026-01-03T10:55:05+09:00,latest,sf6_dashboard_bundle_v0.6.8.zip,0,0
2026-01-03T10:55:05+09:00,latest,sf6_dashboard_bundle_v0.6.9.zip,0,0
2026-01-03T10:55:05+09:00,latest,sf6_dashboard_bundle_v0.7.1.zip,2,0
2026-01-03T10:55:05+09:00,latest,sf6_dashboard_bundle_v0.8.3.zip,0,0
2026-01-03T10:55:05+09:00,latest,sf6_dashboard_bundle_v0.8.4.zip,1,0
2026-01-03T12:15:14+09:00,latest,sf6_dashboard_bundle_latest.zip,1,0
2026-01-03T12:15:14+09:00,latest,sf6_dashboard_bundle_v0.4.10.1.zip,0,0
2026-01-03T12:15:14+09:00,latest,sf6_dashboard_bundle_v0.4.10.zip,0,0
2026-01-03T12:15:14+09:00,latest,sf6_dashboard_bundle_v0.4.3.zip,0,0
2026-01-03T12:15:14+09:00,latest,sf6_dashboard_bundle_v0.4.4.zip,0,0
2026-01-03T12:15:14+09:00,latest,sf6_dashboard_bundle_v0.4.5.zip,0,0
2026-01-03T12:15:14+09:00,latest,sf6_dashboard_bundle_v0.4.6.zip,0,0
2026-01-03T12:15:14+09:00,latest,sf6_dashboard_bundle_v0.4.7.zip,0,0
2026-01-03T12:15:14+09:00,latest,sf6_dashboard_bundle_v0.4.8.zip,0,0
2026-01-03T12:15:14+09:00,latest,sf6_dashboard_bundle_v0.4.9.zip,0,0
2026-01-03T12:15:14+09:00,latest,sf6_dashboard_bundle_v0.5.1.1.zip,0,0
2026-01-03T12:15:14+09:00,latest,sf6_dashboard_bundle_v0.5.1.zip,0,0
2026-01-03T12:15:14+09:00,latest,sf6_dashboard_bundle_v0.6.1.zip,0,0
2026-01-03T12:15:14+09:00,latest,sf6_dashboard_bundle_v0.6.2.zip,0,0
2026-01-03T12:15:14+09:00,latest,sf6_dashboard_bundle_v0.6.3.zip,1,0
2026-01-03T12:15:14+09:00,latest,sf6_dashboard_bundle_v0.6.4.zip,0,0
2026-01-03T12:15:14+09:00,latest,sf6_dashboard_bundle_v0.6.5.zip,0,0
2026-01-03T12:15:14+09:00,latest,sf6_dashboard_bundle_v0.6.6.zip,0,0
2026-01-03T12:15:14+09:00,latest,sf6_dashboard_bundle_v0.6.7.zip,0,0
2026-01-03T12:15:14+09:00,latest,sf6_dashboard_bundle_v0.6.8.zip,0,0
2026-01-03T12:15:14+09:00,latest,sf6_dashboard_bundle_v0.6.9.zip,0,0
2026-01-03T12:15:14+09:00,latest,sf6_dashboard_bundle_v0.7.1.zip,2,0
2026-01-03T12:15:14+09:00,latest,sf6_dashboard_bundle_v0.8.3.zip,0,0
2026-01-03T12:15:14+09:00,latest,sf6_dashboard_bundle_v0.8.4.zip,1,0
2026-01-03T13:03:08+09:00,latest,sf6_dashboard_bundle_latest.zip,1,0
2026-01-03T13:03:08+09:00,latest,sf6_dashboard_bundle_v0.4.10.1.zip,0,0
2026-01-03T13:03:08+09:00,latest,sf6_dashboard_bundle_v0.4.10.zip,0,0
2026-01-03T13:03:08+09:00,latest,sf6_dashboard_bundle_v0.4.3.zip,0,0
2026-01-03T13:03:08+09:00,latest,sf6_dashboard_bundle_v0.4.4.zip,0,0
2026-01-03T13:03:08+09:00,latest,sf6_dashboard_bundle_v0.4.5.zip,0,0
2026-01-03T13:03:08+09:00,latest,sf6_dashboard_bundle_v0.4.6.zip,0,0
2026-01-03T13:03:08+09:00,latest,sf6_dashboard_bundle_v0.4.7.zip,0,0
2026-01-03T13:03:08+09:00,latest,sf6_dashboard_bundle_v0.4.8.zip,0,0
2026-01-03T13:03:08+09:00,latest,sf6_dashboard_bundle_v0.4.9.zip,0,0
2026-01-03T13:03:08+09:00,latest,sf6_dashboard_bundle_v0.5.1.1.zip,0,0
2026-01-03T13:03:08+09:00,latest,sf6_dashboard_bundle_v0.5.1.zip,0,0
2026-01-03T13:03:08+09:00,latest,sf6_dashboard_bundle_v0.6.1.zip,0,0
2026-01-03T13:03:08+09:00,latest,sf6_dashboard_bundle_v0.6.2.zip,0,0
2026-01-03T13:03:08+09:00,latest,sf6_dashboard_bundle_v0.6.3.zip,1,0
2026-01-03T13:03:08+09:00,latest,sf6_dashboard_bundle_v0.6.4.zip,0,0
2026-01-03T13:03:08+09:00,latest,sf6_dashboard_bundle_v0.6.5.zip,0,0
2026-01-03T13:03:08+09:00,latest,sf6_dashboard_bundle_v0.6.6.zip,0,0
2026-01-03T13:03:08+09:00,latest,sf6_dashboard_bundle_v0.6.7.zip,0,0
2026-01-03T13:03:08+09:00,latest,sf6_dashboard_bundle_v0.6.8.zip,0,0
2026-01-03T13:03:08+09:00,latest,sf6_dashboard_bundle_v0.6.9.zip,0,0
2026-01-03T13:03:08+09:00,latest,sf6_dashboard_bundle_v0.7.1.zip,2,0
2026-01-03T13:03:08+09:00,latest,sf6_dashboard_bundle_v0.8.3.zip,0,0
2026-01-03T13:03:08+09:00,latest,sf6_dashboard_bundle_v0.8.4.zip,1,0
2026-01-03T13:38:38+09:00,latest,sf6_dashboard_bundle_latest.zip,1,0
2026-01-03T13:38:38+09:00,latest,sf6_dashboard_bundle_v0.4.10.1.zip,0,0
2026-01-03T13:38:38+09:00,latest,sf6_dashboard_bundle_v0.4.10.zip,0,0
2026-01-03T13:38:38+09:00,latest,sf6_dashboard_bundle_v0.4.3.zip,0,0
2026-01-03T13:38:38+09:00,latest,sf6_dashboard_bundle_v0.4.4.zip,0,0
2026-01-03T13:38:38+09:00,latest,sf6_dashboard_bundle_v0.4.5.zip,0,0
2026-01-03T13:38:38+09:00,latest,sf6_dashboard_bundle_v0.4.6.zip,0,0
2026-01-03T13:38:38+09:00,latest,sf6_dashboard_bundle_v0.4.7.zip,0,0
2026-01-03T13:38:38+09:00,latest,sf6_dashboard_bundle_v0.4.8.zip,0,0
2026-01-03T13:38:38+09:00,latest,sf6_dashboard_bundle_v0.4.9.zip,0,0
2026-01-03T13:38:38+09:00,latest,sf6_dashboard_bundle_v0.5.1.1.zip,0,0
2026-01-03T13:38:38+09:00,latest,sf6_dashboard_bundle_v0.5.1.zip,0,0
2026-01-03T13:38:38+09:00,latest,sf6_dashboard_bundle_v0.6.1.zip,0,0
2026-01-03T13:38:38+09:00,latest,sf6_dashboard_bundle_v0.6.2.zip,0,0
2026-01-03T13:38:38+09:00,latest,sf6_dashboard_bundle_v0.6.3.zip,1,0
2026-01-03T13:38:38+09:00,latest,sf6_dashboard_bundle_v0.6.4.zip,0,0
2026-01-03T13:38:38+09:00,latest,sf6_dashboard_bundle_v0.6.5.zip,0,0
2026-01-03T13:38:38+09:00,latest,sf6_dashboard_bundle_v0.6.6.zip,0,0
2026-01-03T13:38:38+09:00,latest,sf6_dashboard_bundle_v0.6.7.zip,0,0
2026-01-03T13:38:38+09:00,latest,sf6_dashboard_bundle_v0.6.8.zip,0,0
2026-01-03T13:38:38+09:00,latest,sf6_dashboard_bundle_v0.6.9.zip,0,0
2026-01-03T13:38:38+09:00,latest,sf6_dashboard_bundle_v0.7.1.zip,2,0
2026-01-03T13:38:38+09:00,latest,sf6_dashboard_bundle_v0.8.3.zip,0,0
2026-01-03T13:38:38+09:00,latest,sf6_dashboard_bundle_v0.8.4.zip,1,0
2026-01-03T13:56:41+09:00,latest,sf6_dashboard_bundle_latest.zip,1,0
2026-01-03T13:56:41+09:00,latest,sf6_dashboard_bundle_v0.4.10.1.zip,0,0
2026-01-03T13:56:41+09:00,latest,sf6_dashboard_bundle_v0.4.10.zip,0,0
2026-01-03T13:56:41+09:00,latest,sf6_dashboard_bundle_v0.4.3.zip,0,0
2026-01-03T13:56:41+09:00,latest,sf6_dashboard_bundle_v0.4.4.zip,0,0
2026-01-03T13:56:41+09:00,latest,sf6_dashboard_bundle_v0.4.5.zip,0,0
2026-01-03T13:56:41+09:00,latest,sf6_dashboard_bundle_v0.4.6.zip,0,0
2026-01-03T13:56:41+09:00,latest,sf6_dashboard_bundle_v0.4.7.zip,0,0
2026-01-03T13:56:41+09:00,latest,sf6_dashboard_bundle_v0.4.8.zip,0,0
2026-01-03T13:56:41+09:00,latest,sf6_dashboard_bundle_v0.4.9.zip,0,0
2026-01-03T13:56:41+09:00,latest,sf6_dashboard_bundle_v0.5.1.1.zip,0,0
2026-01-03T13:56:41+09:00,latest,sf6_dashboard_bundle_v0.5.1.zip,0,0
2026-01-03T13:56:41+09:00,latest,sf6_dashboard_bundle_v0.6.1.zip,0,0
2026-01-03T13:56:41+09:00,latest,sf6_dashboard_bundle_v0.6.2.zip,0,0
2026-01-03T13:56:41+09:00,latest,sf6_dashboard_bundle_v0.6.3.zip,1,0
2026-01-03T13:56:41+09:00,latest,sf6_dashboard_bundle_v0.6.4.zip,0,0
2026-01-03T13:56:41+09:00,latest,sf6_dashboard_bundle_v0.6.5.zip,0,0
2026-01-03T13:56:41+09:00,latest,sf6_dashboard_bundle_v0.6.6.zip,0,0
2026-01-03T13:56:41+09:00,latest,sf6_dashboard_bundle_v0.6.7.zip,0,0
2026-01-03T13:56:41+09:00,latest,sf6_dashboard_bundle_v0.6.8.zip,0,0
2026-01-03T13:56:41+09:00,latest,sf6_dashboard_bundle_v0.6.9.zip,0,0
2026-01-03T13:56:41+09:00,latest,sf6_dashboard_bundle_v0.7.1.zip,2,0
2026-01-03T13:56:41+09:00,latest,sf6_dashboard_bundle_v0.8.3.zip,0,0
2026-01-03T13:56:41+09:00,latest,sf6_dashboard_bundle_v0.8.4.zip,1,0
2026-01-03T14:16:52+09:00,latest,sf6_dashboard_bundle_latest.zip,1,0
2026-01-03T14:16:52+09:00,latest,sf6_dashboard_bundle_v0.4.10.1.zip,0,0
2026-01-03T14:16:52+09:00,latest,sf6_dashboard_bundle_v0.4.10.zip,0,0
2026-01-03T14:16:52+09:00,latest,sf6_dashboard_bundle_v0.4.3.zip,0,0
2026-01-03T14:16:52+09:00,latest,sf6_dashboard_bundle_v0.4.4.zip,0,0
2026-01-03T14:16:52+09:00,latest,sf6_dashboard_bundle_v0.4.5.zip,0,0
2026-01-03T14:16:52+09:00,latest,sf6_dashboard_bundle_v0.4.6.zip,0,0
2026-01-03T14:16:52+09:00,latest,sf6_dashboard_bundle_v0.4.7.zip,0,0
2026-01-03T14:16:52+09:00,latest,sf6_dashboard_bundle_v0.4.8.zip,0,0
2026-01-03T14:16:52+09:00,latest,sf6_dashboard_bundle_v0.4.9.zip,0,0
2026-01-03T14:16:52+09:00,latest,sf6_dashboard_bundle_v0.5.1.1.zip,0,0
2026-01-03T14:16:52+09:00,latest,sf6_dashboard_bundle_v0.5.1.zip,0,0
2026-01-03T14:16:52+09:00,latest,sf6_dashboard_bundle_v0.6.1.zip,0,0
2026-01-03T14:16:52+09:00,latest,sf6_dashboard_bundle_v0.6.2.zip,0,0
2026-01-03T14:16:52+09:00,latest,sf6_dashboard_bundle_v0.6.3.zip,1,0
2026-01-03T14:16:52+09:00,latest,sf6_dashboard_bundle_v0.6.4.zip,0,0
2026-01-03T14:16:52+09:00,latest,sf6_dashboard_bundle_v0.6.5.zip,0,0
2026-01-03T14:16:52+09:00,latest,sf6_dashboard_bundle_v0.6.6.zip,0,0
2026-01-03T14:16:52+09:00,latest,sf6_dashboard_bundle_v0.6.7.zip,0,0
2026-01-03T14:16:52+09:00,latest,sf6_dashboard_bundle_v0.6.8.zip,0,0
2026-01-03T14:16:52+09:00,latest,sf6_dashboard_bundle_v0.6.9.zip,0,0
2026-01-03T14:16:52+09:00,latest,sf6_dashboard_bundle_v0.7.1.zip,2,0
2026-01-03T14:16:52+09:00,latest,sf6_dashboard_bundle_v0.8.3.zip,0,0
2026-01-03T14:16:52+09:00,latest,sf6_dashboard_bundle_v0.8.4.zip,1,0
2026-01-03T14:39:40+09:00,latest,sf6_dashboard_bundle_latest.zip,1,0
2026-01-03T14:39:40+09:00,latest,sf6_dashboard_bundle_v0.4.10.1.zip,0,0
2026-01-03T14:39:40+09:00,latest,sf6_dashboard_bundle_v0.4.10.zip,0,0
2026-01-03T14:39:40+09:00,latest,sf6_dashboard_bundle_v0.4.3.zip,0,0
2026-01-03T14:39:40+09:00,latest,sf6_dashboard_bundle_v0.4.4.zip,0,0
2026-01-03T14:39:40+09:00,latest,sf6_dashboard_bundle_v0.4.5.zip,0,0
2026-01-03T14:39:40+09:00,latest,sf6_dashboard_bundle_v0.4.6.zip,0,0
2026-01-03T14:39:40+09:00,latest,sf6_dashboard_bundle_v0.4.7.zip,0,0
2026-01-03T14:39:40+09:00,latest,sf6_dashboard_bundle_v0.4.8.zip,0,0
2026-01-03T14:39:40+09:00,latest,sf6_dashboard_bundle_v0.4.9.zip,0,0
2026-01-03T14:39:40+09:00,latest,sf6_dashboard_bundle_v0.5.1.1.zip,0,0
2026-01-03T14:39:40+09:00,latest,sf6_dashboard_bundle_v0.5.1.zip,0,0
2026-01-03T14:39:40+09:00,latest,sf6_dashboard_bundle_v0.6.1.zip,0,0
2026-01-03T14:39:40+09:00,latest,sf6_dashboard_bundle_v0.6.2.zip,0,0
2026-01-03T14:39:40+09:00,latest,sf6_dashboard_bundle_v0.6.3.zip,1,0
2026-01-03T14:39:40+09:00,latest,sf6_dashboard_bundle_v0.6.4.zip,0,0
2026-01-03T14:39:40+09:00,latest,sf6_dashboard_bundle_v0.6.5.zip,0,0
2026-01-03T14:39:40+09:00,latest,sf6_dashboard_bundle_v0.6.6.zip,0,0
2026-01-03T14:39:40+09:00,latest,sf6_dashboard_bundle_v0.6.7.zip,0,0
2026-01-03T14:39:40+09:00,latest,sf6_dashboard_bundle_v0.6.8.zip,0,0
2026-01-03T14:39:40+09:00,latest,sf6_dashboard_bundle_v0.6.9.zip,0,0
2026-01-03T14:39:40+09:00,latest,sf6_dashboard_bundle_v0.7.1.zip,2,0
2026-01-03T14:39:40+09:00,latest,sf6_dashboard_bundle_v0.8.3.zip,0,0
2026-01-03T14:39:40+09:00,latest,sf6_dashboard_bundle_v0.8.4.zip,1,0
2026-01-03T14:51:00+09:00,latest,sf6_dashboard_bundle_latest.zip,1,0
2026-01-03T14:51:00+09:00,latest,sf6_dashboard_bundle_v0.4.10.1.zip,0,0
2026-01-03T14:51:00+09:00,latest,sf6_dashboard_bundle_v0.4.10.zip,0,0
2026-01-03T14:51:00+09:00,latest,sf6_dashboard_bundle_v0.4.3.zip,0,0
2026-01-03T14:51:00+09:00,latest,sf6_dashboard_bundle_v0.4.4.zip,0,0
2026-01-03T14:51:00+09:00,latest,sf6_dashboard_bundle_v0.4.5.zip,0,0
2026-01-03T14:51:00+09:00,latest,sf6_dashboard_bundle_v0.4.6.zip,0,0
2026-01-03T14:51:00+09:00,latest,sf6_dashboard_bundle_v0.4.7.zip,0,0
2026-01-03T14:51:00+09:00,latest,sf6_dashboard_bundle_v0.4.8.zip,0,0
2026-01-03T14:51:00+09:00,latest,sf6_dashboard_bundle_v0.4.9.zip,0,0
2026-01-03T14:51:00+09:00,latest,sf6_dashboard_bundle_v0.5.1.1.zip,0,0
2026-01-03T14:51:00+09:00,latest,sf6_dashboard_bundle_v0.5.1.zip,0,0
2026-01-03T14:51:00+09:00,latest,sf6_dashboard_bundle_v0.6.1.zip,0,0
2026-01-03T14:51:00+09:00,latest,sf6_dashboard_bundle_v0.6.2.zip,0,0
2026-01-03T14:51:00+09:00,latest,sf6_dashboard_bundle_v0.6.3.zip,1,0
2026-01-03T14:51:00+09:00,latest,sf6_dashboard_bundle_v0.6.4.zip,0,0
2026-01-03T14:51:00+09:00,latest,sf6_dashboard_bundle_v0.6.5.zip,0,0
2026-01-03T14:51:00+09:00,latest,sf6_dashboard_bundle_v0.6.6.zip,0,0
2026-01-03T14:51:00+09:00,latest,sf6_dashboard_bundle_v0.6.7.zip,0,0
2026-01-03T14:51:00+09:00,latest,sf6_dashboard_bundle_v0.6.8.zip,0,0
2026-01-03T14:51:00+09:00,latest,sf6_dashboard_bundle_v0.6.9.zip,0,0
2026-01-03T14:51:00+09:00,latest,sf6_dashboard_bundle_v0.7.1.zip,2,0
2026-01-03T14:51:00+09:00,latest,sf6_dashboard_bundle_v0.8.3.zip,0,0
2026-01-03T14:51:00+09:00,latest,sf6_dashboard_bundle_v0.8.4.zip,1,0
2026-01-03T14:57:57+09:00,latest,sf6_dashboard_bundle_latest.zip,1,0
2026-01-03T14:57:57+09:00,latest,sf6_dashboard_bundle_v0.4.10.1.zip,0,0
2026-01-03T14:57:57+09:00,latest,sf6_dashboard_bundle_v0.4.10.zip,0,0
2026-01-03T14:57:57+09:00,latest,sf6_dashboard_bundle_v0.4.3.zip,0,0
2026-01-03T14:57:57+09:00,latest,sf6_dashboard_bundle_v0.4.4.zip,0,0
2026-01-03T14:57:57+09:00,latest,sf6_dashboard_bundle_v0.4.5.zip,0,0
2026-01-03T14:57:57+09:00,latest,sf6_dashboard_bundle_v0.4.6.zip,0,0
2026-01-03T14:57:57+09:00,latest,sf6_dashboard_bundle_v0.4.7.zip,0,0
2026-01-03T14:57:57+09:00,latest,sf6_dashboard_bundle_v0.4.8.zip,0,0
2026-01-03T14:57:57+09:00,latest,sf6_dashboard_bundle_v0.4.9.zip,0,0
2026-01-03T14:57:57+09:00,latest,sf6_dashboard_bundle_v0.5.1.1.zip,0,0
2026-01-03T14:57:57+09:00,latest,sf6_dashboard_bundle_v0.5.1.zip,0,0
2026-01-03T14:57:57+09:00,latest,sf6_dashboard_bundle_v0.6.1.zip,0,0
2026-01-03T14:57:57+09:00,latest,sf6_dashboard_bundle_v0.6.2.zip,0,0
2026-01-03T14:57:57+09:00,latest,sf6_dashboard_bundle_v0.6.3.zip,1,0
2026-01-03T14:57:57+09:00,latest,sf6_dashboard_bundle_v0.6.4.zip,0,0
2026-01-03T14:57:57+09:00,latest,sf6_dashboard_bundle_v0.6.5.zip,0,0
2026-01-03T14:57:57+09:00,latest,sf6_dashboard_bundle_v0.6.6.zip,0,0
2026-01-03T14:57:57+09:00,latest,sf6_dashboard_bundle_v0.6.7.zip,0,0
2026-01-03T14:57:57+09:00,latest,sf6_dashboard_bundle_v0.6.8.zip,0,0
2026-01-03T14:57:57+09:00,latest,sf6_dashboard_bundle_v0.6.9.zip,0,0
2026-01-03T14:57:57+09:00,latest,sf6_dashboard_bundle_v0.7.1.zip,2,0
2026-01-03T14:57:57+09:00,latest,sf6_dashboard_bundle_v0.8.3.zip,0,0
2026-01-03T14:57:57+09:00,latest,sf6_dashboard_bundle_v0.8.4.zip,1,0
2026-01-03T15:27:58+09:00,latest,sf6_dashboard_bundle_latest.zip,1,0
2026-01-03T15:27:58+09:00,latest,sf6_dashboard_bundle_v0.4.10.1.zip,0,0
2026-01-03T15:27:58+09:00,latest,sf6_dashboard_bundle_v0.4.10.zip,0,0
2026-01-03T15:27:58+09:00,latest,sf6_dashboard_bundle_v0.4.3.zip,0,0
2026-01-03T15:27:58+09:00,latest,sf6_dashboard_bundle_v0.4.4.zip,0,0
2026-01-03T15:27:58+09:00,latest,sf6_dashboard_bundle_v0.4.5.zip,0,0
2026-01-03T15:27:58+09:00,latest,sf6_dashboard_bundle_v0.4.6.zip,0,0
2026-01-03T15:27:58+09:00,latest,sf6_dashboard_bundle_v0.4.7.zip,0,0
2026-01-03T15:27:58+09:00,latest,sf6_dashboard_bundle_v0.4.8.zip,0,0
2026-01-03T15:27:58+09:00,latest,sf6_dashboard_bundle_v0.4.9.zip,0,0
2026-01-03T15:27:58+09:00,latest,sf6_dashboard_bundle_v0.5.1.1.zip,0,0
2026-01-03T15:27:58+09:00,latest,sf6_dashboard_bundle_v0.5.1.zip,0,0
2026-01-03T15:27:58+09:00,latest,sf6_dashboard_bundle_v0.6.1.zip,0,0
2026-01-03T15:27:58+09:00,latest,sf6_dashboard_bundle_v0.6.2.zip,0,0
2026-01-03T15:27:58+09:00,latest,sf6_dashboard_bundle_v0.6.3.zip,1,0
2026-01-03T15:27:58+09:00,latest,sf6_dashboard_bundle_v0.6.4.zip,0,0
2026-01-03T15:27:58+09:00,latest,sf6_dashboard_bundle_v0.6.5.zip,0,0
2026-01-03T15:27:58+09:00,latest,sf6_dashboard_bundle_v0.6.6.zip,0,0
2026-01-03T15:27:58+09:00,latest,sf6_dashboard_bundle_v0.6.7.zip,0,0
2026-01-03T15:27:58+09:00,latest,sf6_dashboard_bundle_v0.6.8.zip,0,0
2026-01-03T15:27:58+09:00,latest,sf6_dashboard_bundle_v0.6.9.zip,0,0
2026-01-03T15:27:58+09:00,latest,sf6_dashboard_bundle_v0.7.1.zip,2,0
2026-01-03T15:27:58+09:00,latest,sf6_dashboard_bundle_v0.8.3.zip,0,0
2026-01-03T15:27:58+09:00,latest,sf6_dashboard_bundle_v0.8.4.zip,1,0
2026-01-03T15:52:21+09:00,latest,sf6_dashboard_bundle_latest.zip,1,0
2026-01-03T15:52:21+09:00,latest,sf6_dashboard_bundle_v0.4.10.1.zip,0,0
2026-01-03T15:52:21+09:00,latest,sf6_dashboard_bundle_v0.4.10.zip,0,0
2026-01-03T15:52:21+09:00,latest,sf6_dashboard_bundle_v0.4.3.zip,0,0
2026-01-03T15:52:21+09:00,latest,sf6_dashboard_bundle_v0.4.4.zip,0,0
2026-01-03T15:52:21+09:00,latest,sf6_dashboard_bundle_v0.4.5.zip,0,0
2026-01-03T15:52:21+09:00,latest,sf6_dashboard_bundle_v0.4.6.zip,0,0
2026-01-03T15:52:21+09:00,latest,sf6_dashboard_bundle_v0.4.7.zip,0,0
2026-01-03T15:52:21+09:00,latest,sf6_dashboard_bundle_v0.4.8.zip,0,0
2026-01-03T15:52:21+09:00,latest,sf6_dashboard_bundle_v0.4.9.zip,0,0
2026-01-03T15:52:21+09:00,latest,sf6_dashboard_bundle_v0.5.1.1.zip,0,0
2026-01-03T15:52:21+09:00,latest,sf6_dashboard_bundle_v0.5.1.zip,0,0
2026-01-03T15:52:21+09:00,latest,sf6_dashboard_bundle_v0.6.1.zip,0,0
2026-01-03T15:52:21+09:00,latest,sf6_dashboard_bundle_v0.6.2.zip,0,0
2026-01-03T15:52:21+09:00,latest,sf6_dashboard_bundle_v0.6.3.zip,1,0
2026-01-03T15:52:21+09:00,latest,sf6_dashboard_bundle_v0.6.4.zip,0,0
2026-01-03T15:52:21+09:00,latest,sf6_dashboard_bundle_v0.6.5.zip,0,0
2026-01-03T15:52:21+09:00,latest,sf6_dashboard_bundle_v0.6.6.zip,0,0
2026-01-03T15:52:21+09:00,latest,sf6_dashboard_bundle_v0.6.7.zip,0,0
2026-01-03T15:52:21+09:00,latest,sf6_dashboard_bundle_v0.6.8.zip,0,0
2026-01-03T15:52:21+09:00,latest,sf6_dashboard_bundle_v0.6.9.zip,0,0
2026-01-03T15:52:21+09:00,latest,sf6_dashboard_bundle_v0.7.1.zip,2,0
2026-01-03T15:52:21+09:00,latest,sf6_dashboard_bundle_v0.8.3.zip,0,0
2026-01-03T15:52:21+09:00,latest,sf6_dashboard_bundle_v0.8.4.zip,1,0
2026-01-03T16:01:00+09:00,latest,sf6_dashboard_bundle_latest.zip,1,0
2026-01-03T16:01:00+09:00,latest,sf6_dashboard_bundle_v0.4.10.1.zip,0,0
2026-01-03T16:01:00+09:00,latest,sf6_dashboard_bundle_v0.4.10.zip,0,0
2026-01-03T16:01:00+09:00,latest,sf6_dashboard_bundle_v0.4.3.zip,0,0
2026-01-03T16:01:00+09:00,latest,sf6_dashboard_bundle_v0.4.4.zip,0,0
2026-01-03T16:01:00+09:00,latest,sf6_dashboard_bundle_v0.4.5.zip,0,0
2026-01-03T16:01:00+09:00,latest,sf6_dashboard_bundle_v0.4.6.zip,0,0
2026-01-03T16:01:00+09:00,latest,sf6_dashboard_bundle_v0.4.7.zip,0,0
2026-01-03T16:01:00+09:00,latest,sf6_dashboard_bundle_v0.4.8.zip,0,0
2026-01-03T16:01:00+09:00,latest,sf6_dashboard_bundle_v0.4.9.zip,0,0
2026-01-03T16:01:00+09:00,latest,sf6_dashboard_bundle_v0.5.1.1.zip,0,0
2026-01-03T16:01:00+09:00,latest,sf6_dashboard_bundle_v0.5.1.zip,0,0
2026-01-03T16:01:00+09:00,latest,sf6_dashboard_bundle_v0.6.1.zip,0,0
2026-01-03T16:01:00+09:00,latest,sf6_dashboard_bundle_v0.6.2.zip,0,0
2026-01-03T16:01:00+09:00,latest,sf6_dashboard_bundle_v0.6.3.zip,1,0
2026-01-03T16:01:00+09:00,latest,sf6_dashboard_bundle_v0.6.4.zip,0,0
2026-01-03T16:01:00+09:00,latest,sf6_dashboard_bundle_v0.6.5.zip,0,0
2026-01-03T16:01:00+09:00,latest,sf6_dashboard_bundle_v0.6.6.zip,0,0
2026-01-03T16:01:00+09:00,latest,sf6_dashboard_bundle_v0.6.7.zip,0,0
2026-01-03T16:01:00+09:00,latest,sf6_dashboard_bundle_v0.6.8.zip,0,0
2026-01-03T16:01:00+09:00,latest,sf6_dashboard_bundle_v0.6.9.zip,0,0
2026-01-03T16:01:00+09:00,latest,sf6_dashboard_bundle_v0.7.1.zip,2,0
2026-01-03T16:01:00+09:00,latest,sf6_dashboard_bundle_v0.8.3.zip,0,0
2026-01-03T16:01:00+09:00,latest,sf6_dashboard_bundle_v0.8.4.zip,1,0
2026-01-03T16:24:04+09:00,latest,sf6_dashboard_bundle_latest.zip,1,0
2026-01-03T16:24:04+09:00,latest,sf6_dashboard_bundle_v0.4.10.1.zip,0,0
2026-01-03T16:24:04+09:00,latest,sf6_dashboard_bundle_v0.4.10.zip,0,0
2026-01-03T16:24:04+09:00,latest,sf6_dashboard_bundle_v0.4.3.zip,0,0
2026-01-03T16:24:04+09:00,latest,sf6_dashboard_bundle_v0.4.4.zip,0,0
2026-01-03T16:24:04+09:00,latest,sf6_dashboard_bundle_v0.4.5.zip,0,0
2026-01-03T16:24:04+09:00,latest,sf6_dashboard_bundle_v0.4.6.zip,0,0
2026-01-03T16:24:04+09:00,latest,sf6_dashboard_bundle_v0.4.7.zip,0,0
2026-01-03T16:24:04+09:00,latest,sf6_dashboard_bundle_v0.4.8.zip,0,0
2026-01-03T16:24:04+09:00,latest,sf6_dashboard_bundle_v0.4.9.zip,0,0
2026-01-03T16:24:04+09:00,latest,sf6_dashboard_bundle_v0.5.1.1.zip,0,0
2026-01-03T16:24:04+09:00,latest,sf6_dashboard_bundle_v0.5.1.zip,0,0
2026-01-03T16:24:04+09:00,latest,sf6_dashboard_bundle_v0.6.1.zip,0,0
2026-01-03T16:24:04+09:00,latest,sf6_dashboard_bundle_v0.6.2.zip,0,0
2026-01-03T16:24:04+09:00,latest,sf6_dashboard_bundle_v0.6.3.zip,1,0
2026-01-03T16:24:04+09:00,latest,sf6_dashboard_bundle_v0.6.4.zip,0,0
2026-01-03T16:24:04+09:00,latest,sf6_dashboard_bundle_v0.6.5.zip,0,0
2026-01-03T16:24:04+09:00,latest,sf6_dashboard_bundle_v0.6.6.zip,0,0
2026-01-03T16:24:04+09:00,latest,sf6_dashboard_bundle_v0.6.7.zip,0,0
2026-01-03T16:24:04+09:00,latest,sf6_dashboard_bundle_v0.6.8.zip,0,0
2026-01-03T16:24:04+09:00,latest,sf6_dashboard_bundle_v0.6.9.zip,0,0
2026-01-03T16:24:04+09:00,latest,sf6_dashboard_bundle_v0.7.1.zip,2,0
2026-01-03T16:24:04+09:00,latest,sf6_dashboard_bundle_v0.8.3.zip,0,0
2026-01-03T16:24:04+09:00,latest,sf6_dashboard_bundle_v0.8.4.zip,1,0
2026-01-03T16:36:11+09:00,latest,sf6_dashboard_bundle_latest.zip,1,0
2026-01-03T16:36:11+09:00,latest,sf6_dashboard_bundle_v0.4.10.1.zip,0,0
2026-01-03T16:36:11+09:00,latest,sf6_dashboard_bundle_v0.4.10.zip,0,0
2026-01-03T16:36:11+09:00,latest,sf6_dashboard_bundle_v0.4.3.zip,0,0
2026-01-03T16:36:11+09:00,latest,sf6_dashboard_bundle_v0.4.4.zip,0,0
2026-01-03T16:36:11+09:00,latest,sf6_dashboard_bundle_v0.4.5.zip,0,0
2026-01-03T16:36:11+09:00,latest,sf6_dashboard_bundle_v0.4.6.zip,0,0
2026-01-03T16:36:11+09:00,latest,sf6_dashboard_bundle_v0.4.7.zip,0,0
2026-01-03T16:36:11+09:00,latest,sf6_dashboard_bundle_v0.4.8.zip,0,0
2026-01-03T16:36:11+09:00,latest,sf6_dashboard_bundle_v0.4.9.zip,0,0
2026-01-03T16:36:11+09:00,latest,sf6_dashboard_bundle_v0.5.1.1.zip,0,0
2026-01-03T16:36:11+09:00,latest,sf6_dashboard_bundle_v0.5.1.zip,0,0
2026-01-03T16:36:11+09:00,latest,sf6_dashboard_bundle_v0.6.1.zip,0,0
2026-01-03T16:36:11+09:00,latest,sf6_dashboard_bundle_v0.6.2.zip,0,0
2026-01-03T16:36:11+09:00,latest,sf6_dashboard_bundle_v0.6.3.zip,1,0
2026-01-03T16:36:11+09:00,latest,sf6_dashboard_bundle_v0.6.4.zip,0,0
2026-01-03T16:36:11+09:00,latest,sf6_dashboard_bundle_v0.6.5.zip,0,0
2026-01-03T16:36:11+09:00,latest,sf6_dashboard_bundle_v0.6.6.zip,0,0
2026-01-03T16:36:11+09:00,latest,sf6_dashboard_bundle_v0.6.7.zip,0,0
2026-01-03T16:36:11+09:00,latest,sf6_dashboard_bundle_v0.6.8.zip,0,0
2026-01-03T16:36:11+09:00,latest,sf6_dashboard_bundle_v0.6.9.zip,0,0
2026-01-03T16:36:11+09:00,latest,sf6_dashboard_bundle_v0.7.1.zip,2,0
2026-01-03T16:36:11+09:00,latest,sf6_dashboard_bundle_v0.8.3.zip,0,0
2026-01-03T16:36:11+09:00,latest,sf6_dashboard_bundle_v0.8.4.zip,1,0
2026-01-03T16:44:35+09:00,latest,sf6_dashboard_bundle_latest.zip,1,0
2026-01-03T16:44:35+09:00,latest,sf6_dashboard_bundle_v0.4.10.1.zip,0,0
2026-01-03T16:44:35+09:00,latest,sf6_dashboard_bundle_v0.4.10.zip,0,0
2026-01-03T16:44:35+09:00,latest,sf6_dashboard_bundle_v0.4.3.zip,0,0
2026-01-03T16:44:35+09:00,latest,sf6_dashboard_bundle_v0.4.4.zip,0,0
2026-01-03T16:44:35+09:00,latest,sf6_dashboard_bundle_v0.4.5.zip,0,0
2026-01-03T16:44:35+09:00,latest,sf6_dashboard_bundle_v0.4.6.zip,0,0
2026-01-03T16:44:35+09:00,latest,sf6_dashboard_bundle_v0.4.7.zip,0,0
2026-01-03T16:44:35+09:00,latest,sf6_dashboard_bundle_v0.4.8.zip,0,0
2026-01-03T16:44:35+09:00,latest,sf6_dashboard_bundle_v0.4.9.zip,0,0
2026-01-03T16:44:35+09:00,latest,sf6_dashboard_bundle_v0.5.1.1.zip,0,0
2026-01-03T16:44:35+09:00,latest,sf6_dashboard_bundle_v0.5.1.zip,0,0
2026-01-03T16:44:35+09:00,latest,sf6_dashboard_bundle_v0.6.1.zip,0,0
2026-01-03T16:44:35+09:00,latest,sf6_dashboard_bundle_v0.6.2.zip,0,0
2026-01-03T16:44:35+09:00,latest,sf6_dashboard_bundle_v0.6.3.zip,1,0
2026-01-03T16:44:35+09:00,latest,sf6_dashboard_bundle_v0.6.4.zip,0,0
2026-01-03T16:44:35+09:00,latest,sf6_dashboard_bundle_v0.6.5.zip,0,0
2026-01-03T16:44:35+09:00,latest,sf6_dashboard_bundle_v0.6.6.zip,0,0
2026-01-03T16:44:35+09:00,latest,sf6_dashboard_bundle_v0.6.7.zip,0,0
2026-01-03T16:44:35+09:00,latest,sf6_dashboard_bundle_v0.6.8.zip,0,0
2026-01-03T16:44:35+09:00,latest,sf6_dashboard_bundle_v0.6.9.zip,0,0
2026-01-03T16:44:35+09:00,latest,sf6_dashboard_bundle_v0.7.1.zip,2,0
2026-01-03T16:44:35+09:00,latest,sf6_dashboard_bundle_v0.8.3.zip,0,0
2026-01-03T16:44:35+09:00,latest,sf6_dashboard_bundle_v0.8.4.zip,1,0
2026-01-03T16:51:49+09:00,latest,sf6_dashboard_bundle_latest.zip,1,0
2026-01-03T16:51:49+09:00,latest,sf6_dashboard_bundle_v0.4.10.1.zip,0,0
2026-01-03T16:51:49+09:00,latest,sf6_dashboard_bundle_v0.4.10.zip,0,0
2026-01-03T16:51:49+09:00,latest,sf6_dashboard_bundle_v0.4.3.zip,0,0
2026-01-03T16:51:49+09:00,latest,sf6_dashboard_bundle_v0.4.4.zip,0,0
2026-01-03T16:51:49+09:00,latest,sf6_dashboard_bundle_v0.4.5.zip,0,0
2026-01-03T16:51:49+09:00,latest,sf6_dashboard_bundle_v0.4.6.zip,0,0
2026-01-03T16:51:49+09:00,latest,sf6_dashboard_bundle_v0.4.7.zip,0,0
2026-01-03T16:51:49+09:00,latest,sf6_dashboard_bundle_v0.4.8.zip,0,0
2026-01-03T16:51:49+09:00,latest,sf6_dashboard_bundle_v0.4.9.zip,0,0
2026-01-03T16:51:49+09:00,latest,sf6_dashboard_bundle_v0.5.1.1.zip,0,0
2026-01-03T16:51:49+09:00,latest,sf6_dashboard_bundle_v0.5.1.zip,0,0
2026-01-03T16:51:49+09:00,latest,sf6_dashboard_bundle_v0.6.1.zip,0,0
2026-01-03T16:51:49+09:00,latest,sf6_dashboard_bundle_v0.6.2.zip,0,0
2026-01-03T16:51:49+09:00,latest,sf6_dashboard_bundle_v0.6.3.zip,1,0
2026-01-03T16:51:49+09:00,latest,sf6_dashboard_bundle_v0.6.4.zip,0,0
2026-01-03T16:51:49+09:00,latest,sf6_dashboard_bundle_v0.6.5.zip,0,0
2026-01-03T16:51:49+09:00,latest,sf6_dashboard_bundle_v0.6.6.zip,0,0
2026-01-03T16:51:49+09:00,latest,sf6_dashboard_bundle_v0.6.7.zip,0,0
2026-01-03T16:51:49+09:00,latest,sf6_dashboard_bundle_v0.6.8.zip,0,0
2026-01-03T16:51:49+09:00,latest,sf6_dashboard_bundle_v0.6.9.zip,0,0
2026-01-03T16:51:49+09:00,latest,sf6_dashboard_bundle_v0.7.1.zip,2,0
2026-01-03T16:51:49+09:00,latest,sf6_dashboard_bundle_v0.8.3.zip,0,0
2026-01-03T16:51:49+09:00,latest,sf6_dashboard_bundle_v0.8.4.zip,1,0
2026-01-03T16:58:11+09:00,latest,sf6_dashboard_bundle_latest.zip,1,0
2026-01-03T16:58:11+09:00,latest,sf6_dashboard_bundle_v0.4.10.1.zip,0,0
2026-01-03T16:58:11+09:00,latest,sf6_dashboard_bundle_v0.4.10.zip,0,0
2026-01-03T16:58:11+09:00,latest,sf6_dashboard_bundle_v0.4.3.zip,0,0
2026-01-03T16:58:11+09:00,latest,sf6_dashboard_bundle_v0.4.4.zip,0,0
2026-01-03T16:58:11+09:00,latest,sf6_dashboard_bundle_v0.4.5.zip,0,0
2026-01-03T16:58:11+09:00,latest,sf6_dashboard_bundle_v0.4.6.zip,0,0
2026-01-03T16:58:11+09:00,latest,sf6_dashboard_bundle_v0.4.7.zip,0,0
2026-01-03T16:58:11+09:00,latest,sf6_dashboard_bundle_v0.4.8.zip,0,0
2026-01-03T16:58:11+09:00,latest,sf6_dashboard_bundle_v0.4.9.zip,0,0
2026-01-03T16:58:11+09:00,latest,sf6_dashboard_bundle_v0.5.1.1.zip,0,0
2026-01-03T16:58:11+09:00,latest,sf6_dashboard_bundle_v0.5.1.zip,0,0
2026-01-03T16:58:11+09:00,latest,sf6_dashboard_bundle_v0.6.1.zip,0,0
2026-01-03T16:58:11+09:00,latest,sf6_dashboard_bundle_v0.6.2.zip,0,0
2026-01-03T16:58:11+09:00,latest,sf6_dashboard_bundle_v0.6.3.zip,1,0
2026-01-03T16:58:11+09:00,latest,sf6_dashboard_bundle_v0.6.4.zip,0,0
2026-01-03T16:58:11+09:00,latest,sf6_dashboard_bundle_v0.6.5.zip,0,0
2026-01-03T16:58:11+09:00,latest,sf6_dashboard_bundle_v0.6.6.zip,0,0
2026-01-03T16:58:11+09:00,latest,sf6_dashboard_bundle_v0.6.7.zip,0,0
2026-01-03T16:58:11+09:00,latest,sf6_dashboard_bundle_v0.6.8.zip,0,0
2026-01-03T16:58:11+09:00,latest,sf6_dashboard_bundle_v0.6.9.zip,0,0
2026-01-03T16:58:11+09:00,latest,sf6_dashboard_bundle_v0.7.1.zip,2,0
2026-01-03T16:58:11+09:00,latest,sf6_dashboard_bundle_v0.8.3.zip,0,0
2026-01-03T16:58:11+09:00,latest,sf6_dashboard_bundle_v0.8.4.zip,1,0
2026-01-03T17:25:11+09:00,latest,sf6_dashboard_bundle_latest.zip,1,0
2026-01-03T17:25:11+09:00,latest,sf6_dashboard_bundle_v0.4.10.1.zip,0,0
2026-01-03T17:25:11+09:00,latest,sf6_dashboard_bundle_v0.4.10.zip,0,0
2026-01-03T17:25:11+09:00,latest,sf6_dashboard_bundle_v0.4.3.zip,0,0
2026-01-03T17:25:11+09:00,latest,sf6_dashboard_bundle_v0.4.4.zip,0,0
2026-01-03T17:25:11+09:00,latest,sf6_dashboard_bundle_v0.4.5.zip,0,0
2026-01-03T17:25:11+09:00,latest,sf6_dashboard_bundle_v0.4.6.zip,0,0
2026-01-03T17:25:11+09:00,latest,sf6_dashboard_bundle_v0.4.7.zip,0,0
2026-01-03T17:25:11+09:00,latest,sf6_dashboard_bundle_v0.4.8.zip,0,0
2026-01-03T17:25:11+09:00,latest,sf6_dashboard_bundle_v0.4.9.zip,0,0
2026-01-03T17:25:11+09:00,latest,sf6_dashboard_bundle_v0.5.1.1.zip,0,0
2026-01-03T17:25:11+09:00,latest,sf6_dashboard_bundle_v0.5.1.zip,0,0
2026-01-03T17:25:11+09:00,latest,sf6_dashboard_bundle_v0.6.1.zip,0,0
2026-01-03T17:25:11+09:00,latest,sf6_dashboard_bundle_v0.6.2.zip,0,0
2026-01-03T17:25:11+09:00,latest,sf6_dashboard_bundle_v0.6.3.zip,1,0
2026-01-03T17:25:11+09:00,latest,sf6_dashboard_bundle_v0.6.4.zip,0,0
2026-01-03T17:25:11+09:00,latest,sf6_dashboard_bundle_v0.6.5.zip,0,0
2026-01-03T17:25:11+09:00,latest,sf6_dashboard_bundle_v0.6.6.zip,0,0
2026-01-03T17:25:11+09:00,latest,sf6_dashboard_bundle_v0.6.7.zip,0,0
2026-01-03T17:25:11+09:00,latest,sf6_dashboard_bundle_v0.6.8.zip,0,0
2026-01-03T17:25:11+09:00,latest,sf6_dashboard_bundle_v0.6.9.zip,0,0
2026-01-03T17:25:11+09:00,latest,sf6_dashboard_bundle_v0.7.1.zip,2,0
2026-01-03T17:25:11+09:00,latest,sf6_dashboard_bundle_v0.8.3.zip,0,0
2026-01-03T17:25:11+09:00,latest,sf6_dashboard_bundle_v0.8.4.zip,1,0
2026-01-03T17:46:04+09:00,latest,sf6_dashboard_bundle_latest.zip,1,0
2026-01-03T17:46:04+09:00,latest,sf6_dashboard_bundle_v0.4.10.1.zip,0,0
2026-01-03T17:46:04+09:00,latest,sf6_dashboard_bundle_v0.4.10.zip,0,0
2026-01-03T17:46:04+09:00,latest,sf6_dashboard_bundle_v0.4.3.zip,0,0
2026-01-03T17:46:04+09:00,latest,sf6_dashboard_bundle_v0.4.4.zip,0,0
2026-01-03T17:46:04+09:00,latest,sf6_dashboard_bundle_v0.4.5.zip,0,0
2026-01-03T17:46:04+09:00,latest,sf6_dashboard_bundle_v0.4.6.zip,0,0
2026-01-03T17:46:04+09:00,latest,sf6_dashboard_bundle_v0.4.7.zip,0,0
2026-01-03T17:46:04+09:00,latest,sf6_dashboard_bundle_v0.4.8.zip,0,0
2026-01-03T17:46:04+09:00,latest,sf6_dashboard_bundle_v0.4.9.zip,0,0
2026-01-03T17:46:04+09:00,latest,sf6_dashboard_bundle_v0.5.1.1.zip,0,0
2026-01-03T17:46:04+09:00,latest,sf6_dashboard_bundle_v0.5.1.zip,0,0
2026-01-03T17:46:04+09:00,latest,sf6_dashboard_bundle_v0.6.1.zip,0,0
2026-01-03T17:46:04+09:00,latest,sf6_dashboard_bundle_v0.6.2.zip,0,0
2026-01-03T17:46:04+09:00,latest,sf6_dashboard_bundle_v0.6.3.zip,1,0
2026-01-03T17:46:04+09:00,latest,sf6_dashboard_bundle_v0.6.4.zip,0,0
2026-01-03T17:46:04+09:00,latest,sf6_dashboard_bundle_v0.6.5.zip,0,0
2026-01-03T17:46:04+09:00,latest,sf6_dashboard_bundle_v0.6.6.zip,0,0
2026-01-03T17:46:04+09:00,latest,sf6_dashboard_bundle_v0.6.7.zip,0,0
2026-01-03T17:46:04+09:00,latest,sf6_dashboard_bundle_v0.6.8.zip,0,0
2026-01-03T17:46:04+09:00,latest,sf6_dashboard_bundle_v0.6.9.zip,0,0
2026-01-03T17:46:04+09:00,latest,sf6_dashboard_bundle_v0.7.1.zip,2,0
2026-01-03T17:46:04+09:00,latest,sf6_dashboard_bundle_v0.8.3.zip,0,0
2026-01-03T17:46:04+09:00,latest,sf6_dashboard_bundle_v0.8.4.zip,1,0
2026-01-03T17:58:03+09:00,latest,sf6_dashboard_bundle_latest.zip,1,0
2026-01-03T17:58:03+09:00,latest,sf6_dashboard_bundle_v0.4.10.1.zip,0,0
2026-01-03T17:58:03+09:00,latest,sf6_dashboard_bundle_v0.4.10.zip,0,0
2026-01-03T17:58:03+09:00,latest,sf6_dashboard_bundle_v0.4.3.zip,0,0
2026-01-03T17:58:03+09:00,latest,sf6_dashboard_bundle_v0.4.4.zip,0,0
2026-01-03T17:58:03+09:00,latest,sf6_dashboard_bundle_v0.4.5.zip,0,0
2026-01-03T17:58:03+09:00,latest,sf6_dashboard_bundle_v0.4.6.zip,0,0
2026-01-03T17:58:03+09:00,latest,sf6_dashboard_bundle_v0.4.7.zip,0,0
2026-01-03T17:58:03+09:00,latest,sf6_dashboard_bundle_v0.4.8.zip,0,0
2026-01-03T17:58:03+09:00,latest,sf6_dashboard_bundle_v0.4.9.zip,0,0
2026-01-03T17:58:03+09:00,latest,sf6_dashboard_bundle_v0.5.1.1.zip,0,0
2026-01-03T17:58:03+09:00,latest,sf6_dashboard_bundle_v0.5.1.zip,0,0
2026-01-03T17:58:03+09:00,latest,sf6_dashboard_bundle_v0.6.1.zip,0,0
2026-01-03T17:58:03+09:00,latest,sf6_dashboard_bundle_v0.6.2.zip,0,0
2026-01-03T17:58:03+09:00,latest,sf6_dashboard_bundle_v0.6.3.zip,1,0
2026-01-03T17:58:03+09:00,latest,sf6_dashboard_bundle_v0.6.4.zip,0,0
2026-01-03T17:58:03+09:00,latest,sf6_dashboard_bundle_v0.6.5.zip,0,0
2026-01-03T17:58:03+09:00,latest,sf6_dashboard_bundle_v0.6.6.zip,0,0
2026-01-03T17:58:03+09:00,latest,sf6_dashboard_bundle_v0.6.7.zip,0,0
2026-01-03T17:58:03+09:00,latest,sf6_dashboard_bundle_v0.6.8.zip,0,0
2026-01-03T17:58:03+09:00,latest,sf6_dashboard_bundle_v0.6.9.zip,0,0
2026-01-03T17:58:03+09:00,latest,sf6_dashboard_bundle_v0.7.1.zip,2,0
2026-01-03T17:58:03+09:00,latest,sf6_dashboard_bundle_v0.8.3.zip,0,0
2026-01-03T17:58:03+09:00,latest,sf6_dashboard_bundle_v0.8.4.zip,1,0
2026-01-03T18:18:11+09:00,latest,sf6_dashboard_bundle_latest.zip,1,0
2026-01-03T18:18:11+09:00,latest,sf6_dashboard_bundle_v0.4.10.1.zip,0,0
2026-01-03T18:18:11+09:00,latest,sf6_dashboard_bundle_v0.4.10.zip,0,0
2026-01-03T18:18:11+09:00,latest,sf6_dashboard_bundle_v0.4.3.zip,0,0
2026-01-03T18:18:11+09:00,latest,sf6_dashboard_bundle_v0.4.4.zip,0,0
2026-01-03T18:18:11+09:00,latest,sf6_dashboard_bundle_v0.4.5.zip,0,0
2026-01-03T18:18:11+09:00,latest,sf6_dashboard_bundle_v0.4.6.zip,0,0
2026-01-03T18:18:11+09:00,latest,sf6_dashboard_bundle_v0.4.7.zip,0,0
2026-01-03T18:18:11+09:00,latest,sf6_dashboard_bundle_v0.4.8.zip,0,0
2026-01-03T18:18:11+09:00,latest,sf6_dashboard_bundle_v0.4.9.zip,0,0
2026-01-03T18:18:11+09:00,latest,sf6_dashboard_bundle_v0.5.1.1.zip,0,0
2026-01-03T18:18:11+09:00,latest,sf6_dashboard_bundle_v0.5.1.zip,0,0
2026-01-03T18:18:11+09:00,latest,sf6_dashboard_bundle_v0.6.1.zip,0,0
2026-01-03T18:18:11+09:00,latest,sf6_dashboard_bundle_v0.6.2.zip,0,0
2026-01-03T18:18:11+09:00,latest,sf6_dashboard_bundle_v0.6.3.zip,1,0
2026-01-03T18:18:11+09:00,latest,sf6_dashboard_bundle_v0.6.4.zip,0,0
2026-01-03T18:18:11+09:00,latest,sf6_dashboard_bundle_v0.6.5.zip,0,0
2026-01-03T18:18:11+09:00,latest,sf6_dashboard_bundle_v0.6.6.zip,0,0
2026-01-03T18:18:11+09:00,latest,sf6_dashboard_bundle_v0.6.7.zip,0,0
2026-01-03T18:18:11+09:00,latest,sf6_dashboard_bundle_v0.6.8.zip,0,0
2026-01-03T18:18:11+09:00,latest,sf6_dashboard_bundle_v0.6.9.zip,0,0
2026-01-03T18:18:11+09:00,latest,sf6_dashboard_bundle_v0.7.1.zip,2,0
2026-01-03T18:18:11+09:00,latest,sf6_dashboard_bundle_v0.8.3.zip,0,0
2026-01-03T18:18:11+09:00,latest,sf6_dashboard_bundle_v0.8.4.zip,1,0
2026-01-03T18:34:46+09:00,latest,sf6_dashboard_bundle_latest.zip,2,1
2026-01-03T18:34:46+09:00,latest,sf6_dashboard_bundle_v0.4.10.1.zip,0,0
2026-01-03T18:34:46+09:00,latest,sf6_dashboard_bundle_v0.4.10.zip,0,0
2026-01-03T18:34:46+09:00,latest,sf6_dashboard_bundle_v0.4.3.zip,0,0
2026-01-03T18:34:46+09:00,latest,sf6_dashboard_bundle_v0.4.4.zip,0,0
2026-01-03T18:34:46+09:00,latest,sf6_dashboard_bundle_v0.4.5.zip,0,0
2026-01-03T18:34:46+09:00,latest,sf6_dashboard_bundle_v0.4.6.zip,0,0
2026-01-03T18:34:46+09:00,latest,sf6_dashboard_bundle_v0.4.7.zip,0,0
2026-01-03T18:34:46+09:00,latest,sf6_dashboard_bundle_v0.4.8.zip,0,0
2026-01-03T18:34:46+09:00,latest,sf6_dashboard_bundle_v0.4.9.zip,0,0
2026-01-03T18:34:46+09:00,latest,sf6_dashboard_bundle_v0.5.1.1.zip,0,0
2026-01-03T18:34:46+09:00,latest,sf6_dashboard_bundle_v0.5.1.zip,0,0
2026-01-03T18:34:46+09:00,latest,sf6_dashboard_bundle_v0.6.1.zip,0,0
2026-01-03T18:34:46+09:00,latest,sf6_dashboard_bundle_v0.6.2.zip,0,0
2026-01-03T18:34:46+09:00,latest,sf6_dashboard_bundle_v0.6.3.zip,1,0
2026-01-03T18:34:46+09:00,latest,sf6_dashboard_bundle_v0.6.4.zip,0,0
2026-01-03T18:34:46+09:00,latest,sf6_dashboard_bundle_v0.6.5.zip,0,0
2026-01-03T18:34:46+09:00,latest,sf6_dashboard_bundle_v0.6.6.zip,0,0
2026-01-03T18:34:46+09:00,latest,sf6_dashboard_bundle_v0.6.7.zip,0,0
2026-01-03T18:34:46+09:00,latest,sf6_dashboard_bundle_v0.6.8.zip,0,0
2026-01-03T18:34:46+09:00,latest,sf6_dashboard_bundle_v0.6.9.zip,0,0
2026-01-03T18:34:46+09:00,latest,sf6_dashboard_bundle_v0.7.1.zip,2,0
2026-01-03T18:34:46+09:00,latest,sf6_dashboard_bundle_v0.8.3.zip,0,0
2026-01-03T18:34:46+09:00,latest,sf6_dashboard_bundle_v0.8.4.zip,1,0
2026-01-03T18:45:38+09:00,latest,sf6_dashboard_bundle_latest.zip,2,0
2026-01-03T18:45:38+09:00,latest,sf6_dashboard_bundle_v0.4.10.1.zip,0,0
2026-01-03T18:45:38+09:00,latest,sf6_dashboard_bundle_v0.4.10.zip,0,0
2026-01-03T18:45:38+09:00,latest,sf6_dashboard_bundle_v0.4.3.zip,0,0
2026-01-03T18:45:38+09:00,latest,sf6_dashboard_bundle_v0.4.4.zip,0,0
2026-01-03T18:45:38+09:00,latest,sf6_dashboard_bundle_v0.4.5.zip,0,0
2026-01-03T18:45:38+09:00,latest,sf6_dashboard_bundle_v0.4.6.zip,0,0
2026-01-03T18:45:38+09:00,latest,sf6_dashboard_bundle_v0.4.7.zip,0,0
2026-01-03T18:45:38+09:00,latest,sf6_dashboard_bundle_v0.4.8.zip,0,0
2026-01-03T18:45:38+09:00,latest,sf6_dashboard_bundle_v0.4.9.zip,0,0
2026-01-03T18:45:38+09:00,latest,sf6_dashboard_bundle_v0.5.1.1.zip,0,0
2026-01-03T18:45:38+09:00,latest,sf6_dashboard_bundle_v0.5.1.zip,0,0
2026-01-03T18:45:38+09:00,latest,sf6_dashboard_bundle_v0.6.1.zip,0,0
2026-01-03T18:45:38+09:00,latest,sf6_dashboard_bundle_v0.6.2.zip,0,0
2026-01-03T18:45:38+09:00,latest,sf6_dashboard_bundle_v0.6.3.zip,1,0
2026-01-03T18:45:38+09:00,latest,sf6_dashboard_bundle_v0.6.4.zip,0,0
2026-01-03T18:45:38+09:00,latest,sf6_dashboard_bundle_v0.6.5.zip,0,0
2026-01-03T18:45:38+09:00,latest,sf6_dashboard_bundle_v0.6.6.zip,0,0
2026-01-03T18:45:38+09:00,latest,sf6_dashboard_bundle_v0.6.7.zip,0,0
2026-01-03T18:45:38+09:00,latest,sf6_dashboard_bundle_v0.6.8.zip,0,0
2026-01-03T18:45:38+09:00,latest,sf6_dashboard_bundle_v0.6.9.zip,0,0
2026-01-03T18:45:38+09:00,latest,sf6_dashboard_bundle_v0.7.1.zip,2,0
2026-01-03T18:45:38+09:00,latest,sf6_dashboard_bundle_v0.8.3.zip,0,0
2026-01-03T18:45:38+09:00,latest,sf6_dashboard_bundle_v0.8.4.zip,1,0
2026-01-03T18:52:25+09:00,latest,sf6_dashboard_bundle_latest.zip,2,0
2026-01-03T18:52:25+09:00,latest,sf6_dashboard_bundle_v0.4.10.1.zip,0,0
2026-01-03T18:52:25+09:00,latest,sf6_dashboard_bundle_v0.4.10.zip,0,0
2026-01-03T18:52:25+09:00,latest,sf6_dashboard_bundle_v0.4.3.zip,0,0
2026-01-03T18:52:25+09:00,latest,sf6_dashboard_bundle_v0.4.4.zip,0,0
2026-01-03T18:52:25+09:00,latest,sf6_dashboard_bundle_v0.4.5.zip,0,0
2026-01-03T18:52:25+09:00,latest,sf6_dashboard_bundle_v0.4.6.zip,0,0
2026-01-03T18:52:25+09:00,latest,sf6_dashboard_bundle_v0.4.7.zip,0,0
2026-01-03T18:52:25+09:00,latest,sf6_dashboard_bundle_v0.4.8.zip,0,0
2026-01-03T18:52:25+09:00,latest,sf6_dashboard_bundle_v0.4.9.zip,0,0
2026-01-03T18:52:25+09:00,latest,sf6_dashboard_bundle_v0.5.1.1.zip,0,0
2026-01-03T18:52:25+09:00,latest,sf6_dashboard_bundle_v0.5.1.zip,0,0
2026-01-03T18:52:25+09:00,latest,sf6_dashboard_bundle_v0.6.1.zip,0,0
2026-01-03T18:52:25+09:00,latest,sf6_dashboard_bundle_v0.6.2.zip,0,0
2026-01-03T18:52:25+09:00,latest,sf6_dashboard_bundle_v0.6.3.zip,1,0
2026-01-03T18:52:25+09:00,latest,sf6_dashboard_bundle_v0.6.4.zip,0,0
2026-01-03T18:52:25+09:00,latest,sf6_dashboard_bundle_v0.6.5.zip,0,0
2026-01-03T18:52:25+09:00,latest,sf6_dashboard_bundle_v0.6.6.zip,0,0
2026-01-03T18:52:25+09:00,latest,sf6_dashboard_bundle_v0.6.7.zip,0,0
2026-01-03T18:52:25+09:00,latest,sf6_dashboard_bundle_v0.6.8.zip,0,0
2026-01-03T18:52:25+09:00,latest,sf6_dashboard_bundle_v0.6.9.zip,0,0
2026-01-03T18:52:25+09:00,latest,sf6_dashboard_bundle_v0.7.1.zip,2,0
2026-01-03T18:52:25+09:00,latest,sf6_dashboard_bundle_v0.8.3.zip,0,0
2026-01-03T18:52:25+09:00,latest,sf6_dashboard_bundle_v0.8.4.zip,1,0
2026-01-03T18:58:57+09:00,latest,sf6_dashboard_bundle_latest.zip,2,0
2026-01-03T18:58:57+09:00,latest,sf6_dashboard_bundle_v0.4.10.1.zip,0,0
2026-01-03T18:58:57+09:00,latest,sf6_dashboard_bundle_v0.4.10.zip,0,0
2026-01-03T18:58:57+09:00,latest,sf6_dashboard_bundle_v0.4.3.zip,0,0
2026-01-03T18:58:57+09:00,latest,sf6_dashboard_bundle_v0.4.4.zip,0,0
2026-01-03T18:58:57+09:00,latest,sf6_dashboard_bundle_v0.4.5.zip,0,0
2026-01-03T18:58:57+09:00,latest,sf6_dashboard_bundle_v0.4.6.zip,0,0
2026-01-03T18:58:57+09:00,latest,sf6_dashboard_bundle_v0.4.7.zip,0,0
2026-01-03T18:58:57+09:00,latest,sf6_dashboard_bundle_v0.4.8.zip,0,0
2026-01-03T18:58:57+09:00,latest,sf6_dashboard_bundle_v0.4.9.zip,0,0
2026-01-03T18:58:57+09:00,latest,sf6_dashboard_bundle_v0.5.1.1.zip,0,0
2026-01-03T18:58:57+09:00,latest,sf6_dashboard_bundle_v0.5.1.zip,0,0
2026-01-03T18:58:57+09:00,latest,sf6_dashboard_bundle_v0.6.1.zip,0,0
2026-01-03T18:58:57+09:00,latest,sf6_dashboard_bundle_v0.6.2.zip,0,0
2026-01-03T18:58:57+09:00,latest,sf6_dashboard_bundle_v0.6.3.zip,1,0
2026-01-03T18:58:57+09:00,latest,sf6_dashboard_bundle_v0.6.4.zip,0,0
2026-01-03T18:58:57+09:00,latest,sf6_dashboard_bundle_v0.6.5.zip,0,0
2026-01-03T18:58:57+09:00,latest,sf6_dashboard_bundle_v0.6.6.zip,0,0
2026-01-03T18:58:57+09:00,latest,sf6_dashboard_bundle_v0.6.7.zip,0,0
2026-01-03T18:58:57+09:00,latest,sf6_dashboard_bundle_v0.6.8.zip,0,0
2026-01-03T18:58:57+09:00,latest,sf6_dashboard_bundle_v0.6.9.zip,0,0
2026-01-03T18:58:57+09:00,latest,sf6_dashboard_bundle_v0.7.1.zip,2,0
2026-01-03T18:58:57+09:00,latest,sf6_dashboard_bundle_v0.8.3.zip,0,0
2026-01-03T18:58:57+09:00,latest,sf6_dashboard_bundle_v0.8.4.zip,1,0
2026-01-03T19:20:47+09:00,latest,sf6_dashboard_bundle_latest.zip,2,0
2026-01-03T19:20:47+09:00,latest,sf6_dashboard_bundle_v0.4.10.1.zip,0,0
2026-01-03T19:20:47+09:00,latest,sf6_dashboard_bundle_v0.4.10.zip,0,0
2026-01-03T19:20:47+09:00,latest,sf6_dashboard_bundle_v0.4.3.zip,0,0
2026-01-03T19:20:47+09:00,latest,sf6_dashboard_bundle_v0.4.4.zip,0,0
2026-01-03T19:20:47+09:00,latest,sf6_dashboard_bundle_v0.4.5.zip,0,0
2026-01-03T19:20:47+09:00,latest,sf6_dashboard_bundle_v0.4.6.zip,0,0
2026-01-03T19:20:47+09:00,latest,sf6_dashboard_bundle_v0.4.7.zip,0,0
2026-01-03T19:20:47+09:00,latest,sf6_dashboard_bundle_v0.4.8.zip,0,0
2026-01-03T19:20:47+09:00,latest,sf6_dashboard_bundle_v0.4.9.zip,0,0
2026-01-03T19:20:47+09:00,latest,sf6_dashboard_bundle_v0.5.1.1.zip,0,0
2026-01-03T19:20:47+09:00,latest,sf6_dashboard_bundle_v0.5.1.zip,0,0
2026-01-03T19:20:47+09:00,latest,sf6_dashboard_bundle_v0.6.1.zip,0,0
2026-01-03T19:20:47+09:00,latest,sf6_dashboard_bundle_v0.6.2.zip,0,0
2026-01-03T19:20:47+09:00,latest,sf6_dashboard_bundle_v0.6.3.zip,1,0
2026-01-03T19:20:47+09:00,latest,sf6_dashboard_bundle_v0.6.4.zip,0,0
2026-01-03T19:20:47+09:00,latest,sf6_dashboard_bundle_v0.6.5.zip,0,0
2026-01-03T19:20:47+09:00,latest,sf6_dashboard_bundle_v0.6.6.zip,0,0
2026-01-03T19:20:47+09:00,latest,sf6_dashboard_bundle_v0.6.7.zip,0,0
2026-01-03T19:20:47+09:00,latest,sf6_dashboard_bundle_v0.6.8.zip,0,0
2026-01-03T19:20:47+09:00,latest,sf6_dashboard_bundle_v0.6.9.zip,0,0
2026-01-03T19:20:47+09:00,latest,sf6_dashboard_bundle_v0.7.1.zip,2,0
2026-01-03T19:20:47+09:00,latest,sf6_dashboard_bundle_v0.8.3.zip,0,0
2026-01-03T19:20:47+09:00,latest,sf6_dashboard_bundle_v0.8.4.zip,1,0
2026-01-03T19:40:21+09:00,latest,sf6_dashboard_bundle_latest.zip,2,0
2026-01-03T19:40:21+09:00,latest,sf6_dashboard_bundle_v0.4.10.1.zip,0,0
2026-01-03T19:40:21+09:00,latest,sf6_dashboard_bundle_v0.4.10.zip,0,0
2026-01-03T19:40:21+09:00,latest,sf6_dashboard_bundle_v0.4.3.zip,0,0
2026-01-03T19:40:21+09:00,latest,sf6_dashboard_bundle_v0.4.4.zip,0,0
2026-01-03T19:40:21+09:00,latest,sf6_dashboard_bundle_v0.4.5.zip,0,0
2026-01-03T19:40:21+09:00,latest,sf6_dashboard_bundle_v0.4.6.zip,0,0
2026-01-03T19:40:21+09:00,latest,sf6_dashboard_bundle_v0.4.7.zip,0,0
2026-01-03T19:40:21+09:00,latest,sf6_dashboard_bundle_v0.4.8.zip,0,0
2026-01-03T19:40:21+09:00,latest,sf6_dashboard_bundle_v0.4.9.zip,0,0
2026-01-03T19:40:21+09:00,latest,sf6_dashboard_bundle_v0.5.1.1.zip,0,0
2026-01-03T19:40:21+09:00,latest,sf6_dashboard_bundle_v0.5.1.zip,0,0
2026-01-03T19:40:21+09:00,latest,sf6_dashboard_bundle_v0.6.1.zip,0,0
2026-01-03T19:40:21+09:00,latest,sf6_dashboard_bundle_v0.6.2.zip,0,0
2026-01-03T19:40:21+09:00,latest,sf6_dashboard_bundle_v0.6.3.zip,1,0
2026-01-03T19:40:21+09:00,latest,sf6_dashboard_bundle_v0.6.4.zip,0,0
2026-01-03T19:40:21+09:00,latest,sf6_dashboard_bundle_v0.6.5.zip,0,0
2026-01-03T19:40:21+09:00,latest,sf6_dashboard_bundle_v0.6.6.zip,0,0
2026-01-03T19:40:21+09:00,latest,sf6_dashboard_bundle_v0.6.7.zip,0,0
2026-01-03T19:40:21+09:00,latest,sf6_dashboard_bundle_v0.6.8.zip,0,0
2026-01-03T19:40:21+09:00,latest,sf6_dashboard_bundle_v0.6.9.zip,0,0
2026-01-03T19:40:21+09:00,latest,sf6_dashboard_bundle_v0.7.1.zip,2,0
2026-01-03T19:40:21+09:00,latest,sf6_dashboard_bundle_v0.8.3.zip,0,0
2026-01-03T19:40:21+09:00,latest,sf6_dashboard_bundle_v0.8.4.zip,1,0
2026-01-03T19:50:55+09:00,latest,sf6_dashboard_bundle_latest.zip,2,0
2026-01-03T19:50:55+09:00,latest,sf6_dashboard_bundle_v0.4.10.1.zip,0,0
2026-01-03T19:50:55+09:00,latest,sf6_dashboard_bundle_v0.4.10.zip,0,0
2026-01-03T19:50:55+09:00,latest,sf6_dashboard_bundle_v0.4.3.zip,0,0
2026-01-03T19:50:55+09:00,latest,sf6_dashboard_bundle_v0.4.4.zip,0,0
2026-01-03T19:50:55+09:00,latest,sf6_dashboard_bundle_v0.4.5.zip,0,0
2026-01-03T19:50:55+09:00,latest,sf6_dashboard_bundle_v0.4.6.zip,0,0
2026-01-03T19:50:55+09:00,latest,sf6_dashboard_bundle_v0.4.7.zip,0,0
2026-01-03T19:50:55+09:00,latest,sf6_dashboard_bundle_v0.4.8.zip,0,0
2026-01-03T19:50:55+09:00,latest,sf6_dashboard_bundle_v0.4.9.zip,0,0
2026-01-03T19:50:55+09:00,latest,sf6_dashboard_bundle_v0.5.1.1.zip,0,0
2026-01-03T19:50:55+09:00,latest,sf6_dashboard_bundle_v0.5.1.zip,0,0
2026-01-03T19:50:55+09:00,latest,sf6_dashboard_bundle_v0.6.1.zip,0,0
2026-01-03T19:50:55+09:00,latest,sf6_dashboard_bundle_v0.6.2.zip,0,0
2026-01-03T19:50:55+09:00,latest,sf6_dashboard_bundle_v0.6.3.zip,1,0
2026-01-03T19:50:55+09:00,latest,sf6_dashboard_bundle_v0.6.4.zip,0,0
2026-01-03T19:50:55+09:00,latest,sf6_dashboard_bundle_v0.6.5.zip,0,0
2026-01-03T19:50:55+09:00,latest,sf6_dashboard_bundle_v0.6.6.zip,0,0
2026-01-03T19:50:55+09:00,latest,sf6_dashboard_bundle_v0.6.7.zip,0,0
2026-01-03T19:50:55+09:00,latest,sf6_dashboard_bundle_v0.6.8.zip,0,0
2026-01-03T19:50:55+09:00,latest,sf6_dashboard_bundle_v0.6.9.zip,0,0
2026-01-03T19:50:55+09:00,latest,sf6_dashboard_bundle_v0.7.1.zip,2,0
2026-01-03T19:50:55+09:00,latest,sf6_dashboard_bundle_v0.8.3.zip,0,0
2026-01-03T19:50:55+09:00,latest,sf6_dashboard_bundle_v0.8.4.zip,1,0
2026-01-03T19:57:06+09:00,latest,sf6_dashboard_bundle_latest.zip,2,0
2026-01-03T19:57:06+09:00,latest,sf6_dashboard_bundle_v0.4.10.1.zip,0,0
2026-01-03T19:57:06+09:00,latest,sf6_dashboard_bundle_v0.4.10.zip,0,0
2026-01-03T19:57:06+09:00,latest,sf6_dashboard_bundle_v0.4.3.zip,0,0
2026-01-03T19:57:06+09:00,latest,sf6_dashboard_bundle_v0.4.4.zip,0,0
2026-01-03T19:57:06+09:00,latest,sf6_dashboard_bundle_v0.4.5.zip,0,0
2026-01-03T19:57:06+09:00,latest,sf6_dashboard_bundle_v0.4.6.zip,0,0
2026-01-03T19:57:06+09:00,latest,sf6_dashboard_bundle_v0.4.7.zip,0,0
2026-01-03T19:57:06+09:00,latest,sf6_dashboard_bundle_v0.4.8.zip,0,0
2026-01-03T19:57:06+09:00,latest,sf6_dashboard_bundle_v0.4.9.zip,0,0
2026-01-03T19:57:06+09:00,latest,sf6_dashboard_bundle_v0.5.1.1.zip,0,0
2026-01-03T19:57:06+09:00,latest,sf6_dashboard_bundle_v0.5.1.zip,0,0
2026-01-03T19:57:06+09:00,latest,sf6_dashboard_bundle_v0.6.1.zip,0,0
2026-01-03T19:57:06+09:00,latest,sf6_dashboard_bundle_v0.6.2.zip,0,0
2026-01-03T19:57:06+09:00,latest,sf6_dashboard_bundle_v0.6.3.zip,1,0
2026-01-03T19:57:06+09:00,latest,sf6_dashboard_bundle_v0.6.4.zip,0,0
2026-01-03T19:57:06+09:00,latest,sf6_dashboard_bundle_v0.6.5.zip,0,0
2026-01-03T19:57:06+09:00,latest,sf6_dashboard_bundle_v0.6.6.zip,0,0
2026-01-03T19:57:06+09:00,latest,sf6_dashboard_bundle_v0.6.7.zip,0,0
2026-01-03T19:57:06+09:00,latest,sf6_dashboard_bundle_v0.6.8.zip,0,0
2026-01-03T19:57:06+09:00,latest,sf6_dashboard_bundle_v0.6.9.zip,0,0
2026-01-03T19:57:06+09:00,latest,sf6_dashboard_bundle_v0.7.1.zip,2,0
2026-01-03T19:57:06+09:00,latest,sf6_dashboard_bundle_v0.8.3.zip,0,0
2026-01-03T19:57:06+09:00,latest,sf6_dashboard_bundle_v0.8.4.zip,1,0
2026-01-03T20:13:17+09:00,latest,sf6_dashboard_bundle_latest.zip,2,0
2026-01-03T20:13:17+09:00,latest,sf6_dashboard_bundle_v0.4.10.1.zip,0,0
2026-01-03T20:13:17+09:00,latest,sf6_dashboard_bundle_v0.4.10.zip,0,0
2026-01-03T20:13:17+09:00,latest,sf6_dashboard_bundle_v0.4.3.zip,0,0
2026-01-03T20:13:17+09:00,latest,sf6_dashboard_bundle_v0.4.4.zip,0,0
2026-01-03T20:13:17+09:00,latest,sf6_dashboard_bundle_v0.4.5.zip,0,0
2026-01-03T20:13:17+09:00,latest,sf6_dashboard_bundle_v0.4.6.zip,0,0
2026-01-03T20:13:17+09:00,latest,sf6_dashboard_bundle_v0.4.7.zip,0,0
2026-01-03T20:13:17+09:00,latest,sf6_dashboard_bundle_v0.4.8.zip,0,0
2026-01-03T20:13:17+09:00,latest,sf6_dashboard_bundle_v0.4.9.zip,0,0
2026-01-03T20:13:17+09:00,latest,sf6_dashboard_bundle_v0.5.1.1.zip,0,0
2026-01-03T20:13:17+09:00,latest,sf6_dashboard_bundle_v0.5.1.zip,0,0
2026-01-03T20:13:17+09:00,latest,sf6_dashboard_bundle_v0.6.1.zip,0,0
2026-01-03T20:13:17+09:00,latest,sf6_dashboard_bundle_v0.6.2.zip,0,0
2026-01-03T20:13:17+09:00,latest,sf6_dashboard_bundle_v0.6.3.zip,1,0
2026-01-03T20:13:17+09:00,latest,sf6_dashboard_bundle_v0.6.4.zip,0,0
2026-01-03T20:13:17+09:00,latest,sf6_dashboard_bundle_v0.6.5.zip,0,0
2026-01-03T20:13:17+09:00,latest,sf6_dashboard_bundle_v0.6.6.zip,0,0
2026-01-03T20:13:17+09:00,latest,sf6_dashboard_bundle_v0.6.7.zip,0,0
2026-01-03T20:13:17+09:00,latest,sf6_dashboard_bundle_v0.6.8.zip,0,0
2026-01-03T20:13:17+09:00,latest,sf6_dashboard_bundle_v0.6.9.zip,0,0
2026-01-03T20:13:17+09:00,latest,sf6_dashboard_bundle_v0.7.1.zip,2,0
2026-01-03T20:13:17+09:00,latest,sf6_dashboard_bundle_v0.8.3.zip,0,0
2026-01-03T20:13:17+09:00,latest,sf6_dashboard_bundle_v0.8.4.zip,1,0
2026-01-03T20:27:54+09:00,latest,sf6_dashboard_bundle_latest.zip,2,0
2026-01-03T20:27:54+09:00,latest,sf6_dashboard_bundle_v0.4.10.1.zip,0,0
2026-01-03T20:27:54+09:00,latest,sf6_dashboard_bundle_v0.4.10.zip,0,0
2026-01-03T20:27:54+09:00,latest,sf6_dashboard_bundle_v0.4.3.zip,0,0
2026-01-03T20:27:54+09:00,latest,sf6_dashboard_bundle_v0.4.4.zip,0,0
2026-01-03T20:27:54+09:00,latest,sf6_dashboard_bundle_v0.4.5.zip,0,0
2026-01-03T20:27:54+09:00,latest,sf6_dashboard_bundle_v0.4.6.zip,0,0
2026-01-03T20:27:54+09:00,latest,sf6_dashboard_bundle_v0.4.7.zip,0,0
2026-01-03T20:27:54+09:00,latest,sf6_dashboard_bundle_v0.4.8.zip,0,0
2026-01-03T20:27:54+09:00,latest,sf6_dashboard_bundle_v0.4.9.zip,0,0
2026-01-03T20:27:54+09:00,latest,sf6_dashboard_bundle_v0.5.1.1.zip,0,0
2026-01-03T20:27:54+09:00,latest,sf6_dashboard_bundle_v0.5.1.zip,0,0
2026-01-03T20:27:54+09:00,latest,sf6_dashboard_bundle_v0.6.1.zip,0,0
2026-01-03T20:27:54+09:00,latest,sf6_dashboard_bundle_v0.6.2.zip,0,0
2026-01-03T20:27:54+09:00,latest,sf6_dashboard_bundle_v0.6.3.zip,1,0
2026-01-03T20:27:54+09:00,latest,sf6_dashboard_bundle_v0.6.4.zip,0,0
2026-01-03T20:27:54+09:00,latest,sf6_dashboard_bundle_v0.6.5.zip,0,0
2026-01-03T20:27:54+09:00,latest,sf6_dashboard_bundle_v0.6.6.zip,0,0
2026-01-03T20:27:54+09:00,latest,sf6_dashboard_bundle_v0.6.7.zip,0,0
2026-01-03T20:27:54+09:00,latest,sf6_dashboard_bundle_v0.6.8.zip,0,0
2026-01-03T20:27:54+09:00,latest,sf6_dashboard_bundle_v0.6.9.zip,0,0
2026-01-03T20:27:54+09:00,latest,sf6_dashboard_bundle_v0.7.1.zip,2,0
2026-01-03T20:27:54+09:00,latest,sf6_dashboard_bundle_v0.8.3.zip,0,0
2026-01-03T20:27:54+09:00,latest,sf6_dashboard_bundle_v0.8.4.zip,1,0
2026-01-03T20:37:29+09:00,latest,sf6_dashboard_bundle_latest.zip,2,0
2026-01-03T20:37:29+09:00,latest,sf6_dashboard_bundle_v0.4.10.1.zip,0,0
2026-01-03T20:37:29+09:00,latest,sf6_dashboard_bundle_v0.4.10.zip,0,0
2026-01-03T20:37:29+09:00,latest,sf6_dashboard_bundle_v0.4.3.zip,0,0
2026-01-03T20:37:29+09:00,latest,sf6_dashboard_bundle_v0.4.4.zip,0,0
2026-01-03T20:37:29+09:00,latest,sf6_dashboard_bundle_v0.4.5.zip,0,0
2026-01-03T20:37:29+09:00,latest,sf6_dashboard_bundle_v0.4.6.zip,0,0
2026-01-03T20:37:29+09:00,latest,sf6_dashboard_bundle_v0.4.7.zip,0,0
2026-01-03T20:37:29+09:00,latest,sf6_dashboard_bundle_v0.4.8.zip,0,0
2026-01-03T20:37:29+09:00,latest,sf6_dashboard_bundle_v0.4.9.zip,0,0
2026-01-03T20:37:29+09:00,latest,sf6_dashboard_bundle_v0.5.1.1.zip,0,0
2026-01-03T20:37:29+09:00,latest,sf6_dashboard_bundle_v0.5.1.zip,0,0
2026-01-03T20:37:29+09:00,latest,sf6_dashboard_bundle_v0.6.1.zip,0,0
2026-01-03T20:37:29+09:00,latest,sf6_dashboard_bundle_v0.6.2.zip,0,0
2026-01-03T20:37:29+09:00,latest,sf6_dashboard_bundle_v0.6.3.zip,1,0
2026-01-03T20:37:29+09:00,latest,sf6_dashboard_bundle_v0.6.4.zip,0,0
2026-01-03T20:37:29+09:00,latest,sf6_dashboard_bundle_v0.6.5.zip,0,0
2026-01-03T20:37:29+09:00,latest,sf6_dashboard_bundle_v0.6.6.zip,0,0
2026-01-03T20:37:29+09:00,latest,sf6_dashboard_bundle_v0.6.7.zip,0,0
2026-01-03T20:37:29+09:00,latest,sf6_dashboard_bundle_v0.6.8.zip,0,0
2026-01-03T20:37:29+09:00,latest,sf6_dashboard_bundle_v0.6.9.zip,0,0
2026-01-03T20:37:29+09:00,latest,sf6_dashboard_bundle_v0.7.1.zip,2,0
2026-01-03T20:37:29+09:00,latest,sf6_dashboard_bundle_v0.8.3.zip,0,0
2026-01-03T20:37:29+09:00,latest,sf6_dashboard_bundle_v0.8.4.zip,1,0
2026-01-03T20:44:41+09:00,latest,sf6_dashboard_bundle_latest.zip,2,0
2026-01-03T20:44:41+09:00,latest,sf6_dashboard_bundle_v0.4.10.1.zip,0,0
2026-01-03T20:44:41+09:00,latest,sf6_dashboard_bundle_v0.4.10.zip,0,0
2026-01-03T20:44:41+09:00,latest,sf6_dashboard_bundle_v0.4.3.zip,0,0
2026-01-03T20:44:41+09:00,latest,sf6_dashboard_bundle_v0.4.4.zip,0,0
2026-01-03T20:44:41+09:00,latest,sf6_dashboard_bundle_v0.4.5.zip,0,0
2026-01-03T20:44:41+09:00,latest,sf6_dashboard_bundle_v0.4.6.zip,0,0
2026-01-03T20:44:41+09:00,latest,sf6_dashboard_bundle_v0.4.7.zip,0,0
2026-01-03T20:44:41+09:00,latest,sf6_dashboard_bundle_v0.4.8.zip,0,0
2026-01-03T20:44:41+09:00,latest,sf6_dashboard_bundle_v0.4.9.zip,0,0
2026-01-03T20:44:41+09:00,latest,sf6_dashboard_bundle_v0.5.1.1.zip,0,0
2026-01-03T20:44:41+09:00,latest,sf6_dashboard_bundle_v0.5.1.zip,0,0
2026-01-03T20:44:41+09:00,latest,sf6_dashboard_bundle_v0.6.1.zip,0,0
2026-01-03T20:44:41+09:00,latest,sf6_dashboard_bundle_v0.6.2.zip,0,0
2026-01-03T20:44:41+09:00,latest,sf6_dashboard_bundle_v0.6.3.zip,1,0
2026-01-03T20:44:41+09:00,latest,sf6_dashboard_bundle_v0.6.4.zip,0,0
2026-01-03T20:44:41+09:00,latest,sf6_dashboard_bundle_v0.6.5.zip,0,0
2026-01-03T20:44:41+09:00,latest,sf6_dashboard_bundle_v0.6.6.zip,0,0
2026-01-03T20:44:41+09:00,latest,sf6_dashboard_bundle_v0.6.7.zip,0,0
2026-01-03T20:44:41+09:00,latest,sf6_dashboard_bundle_v0.6.8.zip,0,0
2026-01-03T20:44:41+09:00,latest,sf6_dashboard_bundle_v0.6.9.zip,0,0
2026-01-03T20:44:41+09:00,latest,sf6_dashboard_bundle_v0.7.1.zip,2,0
2026-01-03T20:44:41+09:00,latest,sf6_dashboard_bundle_v0.8.3.zip,0,0
2026-01-03T20:44:41+09:00,latest,sf6_dashboard_bundle_v0.8.4.zip,1,0
2026-01-03T20:51:36+09:00,latest,sf6_dashboard_bundle_latest.zip,2,0
2026-01-03T20:51:36+09:00,latest,sf6_dashboard_bundle_v0.4.10.1.zip,0,0
2026-01-03T20:51:36+09:00,latest,sf6_dashboard_bundle_v0.4.10.zip,0,0
2026-01-03T20:51:36+09:00,latest,sf6_dashboard_bundle_v0.4.3.zip,0,0
2026-01-03T20:51:36+09:00,latest,sf6_dashboard_bundle_v0.4.4.zip,0,0
2026-01-03T20:51:36+09:00,latest,sf6_dashboard_bundle_v0.4.5.zip,0,0
2026-01-03T20:51:36+09:00,latest,sf6_dashboard_bundle_v0.4.6.zip,0,0
2026-01-03T20:51:36+09:00,latest,sf6_dashboard_bundle_v0.4.7.zip,0,0
2026-01-03T20:51:36+09:00,latest,sf6_dashboard_bundle_v0.4.8.zip,0,0
2026-01-03T20:51:36+09:00,latest,sf6_dashboard_bundle_v0.4.9.zip,0,0
2026-01-03T20:51:36+09:00,latest,sf6_dashboard_bundle_v0.5.1.1.zip,0,0
2026-01-03T20:51:36+09:00,latest,sf6_dashboard_bundle_v0.5.1.zip,0,0
2026-01-03T20:51:36+09:00,latest,sf6_dashboard_bundle_v0.6.1.zip,0,0
2026-01-03T20:51:36+09:00,latest,sf6_dashboard_bundle_v0.6.2.zip,0,0
2026-01-03T20:51:36+09:00,latest,sf6_dashboard_bundle_v0.6.3.zip,1,0
2026-01-03T20:51:36+09:00,latest,sf6_dashboard_bundle_v0.6.4.zip,0,0
2026-01-03T20:51:36+09:00,latest,sf6_dashboard_bundle_v0.6.5.zip,0,0
2026-01-03T20:51:36+09:00,latest,sf6_dashboard_bundle_v0.6.6.zip,0,0
2026-01-03T20:51:36+09:00,latest,sf6_dashboard_bundle_v0.6.7.zip,0,0
2026-01-03T20:51:36+09:00,latest,sf6_dashboard_bundle_v0.6.8.zip,0,0
2026-01-03T20:51:36+09:00,latest,sf6_dashboard_bundle_v0.6.9.zip,0,0
2026-01-03T20:51:36+09:00,latest,sf6_dashboard_bundle_v0.7.1.zip,2,0
2026-01-03T20:51:36+09:00,latest,sf6_dashboard_bundle_v0.8.3.zip,0,0
2026-01-03T20:51:36+09:00,latest,sf6_dashboard_bundle_v0.8.4.zip,1,0
2026-01-03T20:58:09+09:00,latest,sf6_dashboard_bundle_latest.zip,2,0
2026-01-03T20:58:09+09:00,latest,sf6_dashboard_bundle_v0.4.10.1.zip,0,0
2026-01-03T20:58:09+09:00,latest,sf6_dashboard_bundle_v0.4.10.zip,0,0
2026-01-03T20:58:09+09:00,latest,sf6_dashboard_bundle_v0.4.3.zip,0,0
2026-01-03T20:58:09+09:00,latest,sf6_dashboard_bundle_v0.4.4.zip,0,0
2026-01-03T20:58:09+09:00,latest,sf6_dashboard_bundle_v0.4.5.zip,0,0
2026-01-03T20:58:09+09:00,latest,sf6_dashboard_bundle_v0.4.6.zip,0,0
2026-01-03T20:58:09+09:00,latest,sf6_dashboard_bundle_v0.4.7.zip,0,0
2026-01-03T20:58:09+09:00,latest,sf6_dashboard_bundle_v0.4.8.zip,0,0
2026-01-03T20:58:09+09:00,latest,sf6_dashboard_bundle_v0.4.9.zip,0,0
2026-01-03T20:58:09+09:00,latest,sf6_dashboard_bundle_v0.5.1.1.zip,0,0
2026-01-03T20:58:09+09:00,latest,sf6_dashboard_bundle_v0.5.1.zip,0,0
2026-01-03T20:58:09+09:00,latest,sf6_dashboard_bundle_v0.6.1.zip,0,0
2026-01-03T20:58:09+09:00,latest,sf6_dashboard_bundle_v0.6.2.zip,0,0
2026-01-03T20:58:09+09:00,latest,sf6_dashboard_bundle_v0.6.3.zip,1,0
2026-01-03T20:58:09+09:00,latest,sf6_dashboard_bundle_v0.6.4.zip,0,0
2026-01-03T20:58:09+09:00,latest,sf6_dashboard_bundle_v0.6.5.zip,0,0
2026-01-03T20:58:09+09:00,latest,sf6_dashboard_bundle_v0.6.6.zip,0,0
2026-01-03T20:58:09+09:00,latest,sf6_dashboard_bundle_v0.6.7.zip,0,0
2026-01-03T20:58:09+09:00,latest,sf6_dashboard_bundle_v0.6.8.zip,0,0
2026-01-03T20:58:09+09:00,latest,sf6_dashboard_bundle_v0.6.9.zip,0,0
2026-01-03T20:58:09+09:00,latest,sf6_dashboard_bundle_v0.7.1.zip,2,0
2026-01-03T20:58:09+09:00,latest,sf6_dashboard_bundle_v0.8.3.zip,0,0
2026-01-03T20:58:09+09:00,latest,sf6_dashboard_bundle_v0.8.4.zip,1,0
